row_id,anomaly_kind,is_anomaly
0,none,0
1,none,0
2,none,0
3,none,0
4,none,0
5,none,0
6,none,0
7,none,0
8,none,0
9,none,0
10,none,0
11,none,0
12,none,0
13,none,0
14,none,0
15,none,0
16,none,0
17,none,0
18,none,0
19,none,0
20,none,0
21,none,0
22,none,0
23,none,0
24,none,0
25,none,0
26,none,0
27,none,0
28,none,0
29,none,0
30,none,0
31,none,0
32,none,0
33,none,0
34,none,0
35,none,0
36,none,0
37,none,0
38,none,0
39,none,0
40,none,0
41,none,0
42,none,0
43,none,0
44,none,0
45,none,0
46,none,0
47,none,0
48,none,0
49,none,0
50,none,0
51,none,0
52,none,0
53,none,0
54,none,0
55,none,0
56,none,0
57,none,0
58,none,0
59,none,0
60,none,0
61,none,0
62,none,0
63,none,0
64,none,0
65,none,0
66,none,0
67,none,0
68,none,0
69,none,0
70,none,0
71,none,0
72,none,0
73,none,0
74,none,0
75,none,0
76,none,0
77,none,0
78,none,0
79,none,0
80,none,0
81,none,0
82,none,0
83,none,0
84,none,0
85,none,0
86,none,0
87,none,0
88,none,0
89,none,0
90,none,0
91,none,0
92,none,0
93,none,0
94,none,0
95,none,0
96,none,0
97,none,0
98,none,0
99,none,0
100,none,0
101,none,0
102,none,0
103,none,0
104,none,0
105,none,0
106,none,0
107,none,0
108,none,0
109,none,0
110,none,0
111,none,0
112,none,0
113,none,0
114,none,0
115,none,0
116,none,0
117,none,0
118,none,0
119,none,0
120,none,0
121,none,0
122,none,0
123,none,0
124,none,0
125,none,0
126,none,0
127,none,0
128,none,0
129,none,0
130,none,0
131,none,0
132,none,0
133,none,0
134,none,0
135,none,0
136,none,0
137,none,0
138,none,0
139,none,0
140,none,0
141,none,0
142,none,0
143,none,0
144,none,0
145,none,0
146,none,0
147,none,0
148,none,0
149,none,0
150,none,0
151,none,0
152,none,0
153,none,0
154,none,0
155,none,0
156,none,0
157,none,0
158,none,0
159,none,0
160,none,0
161,none,0
162,none,0
163,none,0
164,none,0
165,none,0
166,none,0
167,none,0
168,none,0
169,none,0
170,none,0
171,none,0
172,none,0
173,none,0
174,none,0
175,none,0
176,none,0
177,none,0
178,none,0
179,none,0
180,none,0
181,none,0
182,none,0
183,none,0
184,none,0
185,none,0
186,none,0
187,none,0
188,none,0
189,none,0
190,none,0
191,none,0
192,none,0
193,none,0
194,none,0
195,none,0
196,none,0
197,none,0
198,none,0
199,none,0
200,none,0
201,none,0
202,none,0
203,none,0
204,none,0
205,none,0
206,none,0
207,none,0
208,none,0
209,none,0
210,none,0
211,none,0
212,none,0
213,none,0
214,none,0
215,none,0
216,none,0
217,none,0
218,none,0
219,none,0
220,none,0
221,none,0
222,none,0
223,none,0
224,none,0
225,none,0
226,none,0
227,none,0
228,none,0
229,none,0
230,none,0
231,none,0
232,none,0
233,none,0
234,none,0
235,none,0
236,none,0
237,none,0
238,none,0
239,none,0
240,none,0
241,none,0
242,none,0
243,none,0
244,none,0
245,none,0
246,none,0
247,none,0
248,none,0
249,none,0
250,none,0
251,none,0
252,none,0
253,none,0
254,none,0
255,none,0
256,none,0
257,none,0
258,none,0
259,none,0
260,none,0
261,none,0
262,none,0
263,none,0
264,none,0
265,none,0
266,none,0
267,none,0
268,none,0
269,none,0
270,none,0
271,none,0
272,none,0
273,none,0
274,none,0
275,none,0
276,none,0
277,none,0
278,none,0
279,none,0
280,none,0
281,none,0
282,none,0
283,none,0
284,none,0
285,none,0
286,none,0
287,none,0
288,none,0
289,none,0
290,none,0
291,none,0
292,none,0
293,none,0
294,none,0
295,none,0
296,none,0
297,none,0
298,none,0
299,none,0
300,none,0
301,none,0
302,none,0
303,none,0
304,none,0
305,none,0
306,none,0
307,none,0
308,none,0
309,none,0
310,none,0
311,none,0
312,none,0
313,none,0
314,none,0
315,none,0
316,none,0
317,none,0
318,none,0
319,none,0
320,none,0
321,none,0
322,none,0
323,none,0
324,none,0
325,none,0
326,none,0
327,none,0
328,none,0
329,none,0
330,none,0
331,none,0
332,none,0
333,none,0
334,none,0
335,none,0
336,none,0
337,none,0
338,none,0
339,none,0
340,none,0
341,none,0
342,none,0
343,none,0
344,none,0
345,none,0
346,none,0
347,none,0
348,none,0
349,none,0
350,none,0
351,none,0
352,none,0
353,none,0
354,none,0
355,none,0
356,none,0
357,none,0
358,none,0
359,none,0
360,none,0
361,none,0
362,none,0
363,none,0
364,none,0
365,none,0
366,none,0
367,none,0
368,none,0
369,none,0
370,none,0
371,none,0
372,none,0
373,none,0
374,none,0
375,none,0
376,none,0
377,none,0
378,none,0
379,none,0
380,none,0
381,none,0
382,none,0
383,none,0
384,none,0
385,none,0
386,none,0
387,none,0
388,none,0
389,none,0
390,none,0
391,none,0
392,none,0
393,none,0
394,none,0
395,none,0
396,none,0
397,none,0
398,none,0
399,none,0
400,none,0
401,none,0
402,none,0
403,none,0
404,none,0
405,none,0
406,none,0
407,none,0
408,none,0
409,none,0
410,none,0
411,none,0
412,none,0
413,none,0
414,none,0
415,none,0
416,none,0
417,none,0
418,none,0
419,none,0
420,none,0
421,none,0
422,none,0
423,none,0
424,none,0
425,none,0
426,none,0
427,none,0
428,none,0
429,none,0
430,none,0
431,none,0
432,none,0
433,none,0
434,none,0
435,none,0
436,none,0
437,none,0
438,none,0
439,none,0
440,none,0
441,none,0
442,none,0
443,none,0
444,none,0
445,none,0
446,none,0
447,none,0
448,none,0
449,none,0
450,none,0
451,none,0
452,none,0
453,none,0
454,none,0
455,none,0
456,none,0
457,none,0
458,none,0
459,none,0
460,none,0
461,none,0
462,none,0
463,none,0
464,none,0
465,none,0
466,none,0
467,none,0
468,none,0
469,none,0
470,none,0
471,none,0
472,none,0
473,none,0
474,none,0
475,none,0
476,none,0
477,none,0
478,none,0
479,none,0
480,none,0
481,none,0
482,none,0
483,none,0
484,none,0
485,none,0
486,none,0
487,none,0
488,none,0
489,none,0
490,none,0
491,none,0
492,none,0
493,none,0
494,none,0
495,none,0
496,none,0
497,none,0
498,none,0
499,none,0
500,none,0
501,none,0
502,none,0
503,none,0
504,none,0
505,none,0
506,none,0
507,none,0
508,none,0
509,none,0
510,none,0
511,none,0
512,none,0
513,none,0
514,none,0
515,none,0
516,none,0
517,none,0
518,none,0
519,none,0
520,none,0
521,none,0
522,none,0
523,none,0
524,none,0
525,none,0
526,none,0
527,none,0
528,none,0
529,none,0
530,none,0
531,none,0
532,none,0
533,none,0
534,none,0
535,none,0
536,none,0
537,none,0
538,none,0
539,none,0
540,none,0
541,none,0
542,none,0
543,none,0
544,none,0
545,none,0
546,none,0
547,none,0
548,none,0
549,none,0
550,none,0
551,none,0
552,none,0
553,none,0
554,none,0
555,none,0
556,none,0
557,none,0
558,none,0
559,none,0
560,none,0
561,none,0
562,none,0
563,none,0
564,none,0
565,none,0
566,none,0
567,none,0
568,none,0
569,none,0
570,none,0
571,none,0
572,none,0
573,none,0
574,none,0
575,none,0
576,none,0
577,none,0
578,none,0
579,none,0
580,none,0
581,none,0
582,none,0
583,none,0
584,none,0
585,none,0
586,none,0
587,none,0
588,none,0
589,none,0
590,none,0
591,none,0
592,none,0
593,none,0
594,none,0
595,none,0
596,none,0
597,none,0
598,none,0
599,none,0
600,none,0
601,none,0
602,none,0
603,none,0
604,none,0
605,none,0
606,none,0
607,none,0
608,none,0
609,none,0
610,none,0
611,none,0
612,none,0
613,none,0
614,none,0
615,none,0
616,none,0
617,none,0
618,none,0
619,none,0
620,none,0
621,none,0
622,none,0
623,none,0
624,none,0
625,none,0
626,none,0
627,none,0
628,none,0
629,none,0
630,none,0
631,none,0
632,none,0
633,none,0
634,none,0
635,none,0
636,none,0
637,none,0
638,none,0
639,none,0
640,none,0
641,none,0
642,none,0
643,none,0
644,none,0
645,none,0
646,none,0
647,none,0
648,none,0
649,none,0
650,none,0
651,none,0
652,none,0
653,none,0
654,none,0
655,none,0
656,none,0
657,none,0
658,none,0
659,none,0
660,none,0
661,none,0
662,none,0
663,none,0
664,none,0
665,none,0
666,none,0
667,none,0
668,none,0
669,none,0
670,none,0
671,none,0
672,none,0
673,none,0
674,none,0
675,none,0
676,none,0
677,none,0
678,none,0
679,none,0
680,none,0
681,none,0
682,none,0
683,none,0
684,none,0
685,none,0
686,none,0
687,none,0
688,none,0
689,none,0
690,none,0
691,none,0
692,none,0
693,none,0
694,none,0
695,none,0
696,none,0
697,none,0
698,none,0
699,none,0
700,none,0
701,none,0
702,none,0
703,none,0
704,none,0
705,none,0
706,none,0
707,none,0
708,none,0
709,none,0
710,none,0
711,none,0
712,none,0
713,none,0
714,none,0
715,none,0
716,none,0
717,none,0
718,none,0
719,none,0
720,none,0
721,none,0
722,none,0
723,none,0
724,none,0
725,none,0
726,none,0
727,none,0
728,none,0
729,none,0
730,none,0
731,none,0
732,none,0
733,none,0
734,none,0
735,none,0
736,none,0
737,none,0
738,none,0
739,none,0
740,none,0
741,none,0
742,none,0
743,none,0
744,none,0
745,none,0
746,none,0
747,none,0
748,none,0
749,none,0
750,none,0
751,none,0
752,none,0
753,none,0
754,none,0
755,none,0
756,none,0
757,none,0
758,none,0
759,none,0
760,none,0
761,none,0
762,none,0
763,none,0
764,none,0
765,none,0
766,none,0
767,none,0
768,none,0
769,none,0
770,none,0
771,none,0
772,none,0
773,none,0
774,none,0
775,none,0
776,none,0
777,none,0
778,none,0
779,none,0
780,none,0
781,none,0
782,none,0
783,none,0
784,none,0
785,none,0
786,none,0
787,none,0
788,none,0
789,none,0
790,none,0
791,none,0
792,none,0
793,none,0
794,none,0
795,none,0
796,none,0
797,none,0
798,none,0
799,none,0
800,none,0
801,none,0
802,none,0
803,none,0
804,none,0
805,none,0
806,none,0
807,none,0
808,none,0
809,none,0
810,none,0
811,none,0
812,none,0
813,none,0
814,none,0
815,none,0
816,none,0
817,none,0
818,none,0
819,none,0
820,none,0
821,none,0
822,none,0
823,none,0
824,none,0
825,none,0
826,none,0
827,none,0
828,none,0
829,none,0
830,none,0
831,none,0
832,none,0
833,none,0
834,none,0
835,none,0
836,none,0
837,none,0
838,none,0
839,none,0
840,none,0
841,none,0
842,none,0
843,none,0
844,none,0
845,none,0
846,none,0
847,none,0
848,none,0
849,none,0
850,none,0
851,none,0
852,none,0
853,none,0
854,none,0
855,none,0
856,none,0
857,none,0
858,none,0
859,none,0
860,none,0
861,none,0
862,none,0
863,none,0
864,none,0
865,none,0
866,none,0
867,none,0
868,none,0
869,none,0
870,none,0
871,none,0
872,none,0
873,none,0
874,none,0
875,none,0
876,none,0
877,none,0
878,none,0
879,none,0
880,none,0
881,none,0
882,none,0
883,none,0
884,none,0
885,none,0
886,none,0
887,none,0
888,none,0
889,none,0
890,none,0
891,none,0
892,none,0
893,none,0
894,none,0
895,none,0
896,none,0
897,none,0
898,none,0
899,none,0
900,none,0
901,none,0
902,none,0
903,none,0
904,none,0
905,none,0
906,none,0
907,none,0
908,none,0
909,none,0
910,none,0
911,none,0
912,none,0
913,none,0
914,none,0
915,none,0
916,none,0
917,none,0
918,none,0
919,none,0
920,none,0
921,none,0
922,none,0
923,none,0
924,none,0
925,none,0
926,none,0
927,none,0
928,none,0
929,none,0
930,none,0
931,none,0
932,none,0
933,none,0
934,none,0
935,none,0
936,none,0
937,none,0
938,none,0
939,none,0
940,none,0
941,none,0
942,none,0
943,none,0
944,none,0
945,none,0
946,none,0
947,none,0
948,none,0
949,none,0
950,none,0
951,none,0
952,none,0
953,none,0
954,none,0
955,none,0
956,none,0
957,none,0
958,none,0
959,none,0
960,none,0
961,none,0
962,none,0
963,none,0
964,none,0
965,none,0
966,none,0
967,none,0
968,none,0
969,none,0
970,none,0
971,none,0
972,none,0
973,none,0
974,none,0
975,none,0
976,none,0
977,none,0
978,none,0
979,none,0
980,none,0
981,none,0
982,none,0
983,none,0
984,none,0
985,none,0
986,none,0
987,none,0
988,none,0
989,none,0
990,none,0
991,none,0
992,none,0
993,none,0
994,none,0
995,none,0
996,none,0
997,none,0
998,none,0
999,none,0
1000,none,0
1001,none,0
1002,none,0
1003,none,0
1004,none,0
1005,none,0
1006,none,0
1007,none,0
1008,none,0
1009,none,0
1010,none,0
1011,none,0
1012,none,0
1013,none,0
1014,none,0
1015,none,0
1016,none,0
1017,none,0
1018,none,0
1019,none,0
1020,none,0
1021,none,0
1022,none,0
1023,none,0
1024,none,0
1025,none,0
1026,none,0
1027,none,0
1028,none,0
1029,none,0
1030,none,0
1031,none,0
1032,none,0
1033,none,0
1034,none,0
1035,none,0
1036,none,0
1037,none,0
1038,none,0
1039,none,0
1040,none,0
1041,none,0
1042,none,0
1043,none,0
1044,none,0
1045,none,0
1046,none,0
1047,none,0
1048,none,0
1049,none,0
1050,none,0
1051,none,0
1052,none,0
1053,none,0
1054,none,0
1055,none,0
1056,none,0
1057,none,0
1058,none,0
1059,none,0
1060,none,0
1061,none,0
1062,none,0
1063,none,0
1064,none,0
1065,none,0
1066,none,0
1067,none,0
1068,none,0
1069,none,0
1070,none,0
1071,none,0
1072,none,0
1073,none,0
1074,none,0
1075,none,0
1076,none,0
1077,none,0
1078,none,0
1079,none,0
1080,none,0
1081,none,0
1082,none,0
1083,none,0
1084,none,0
1085,none,0
1086,none,0
1087,none,0
1088,none,0
1089,none,0
1090,none,0
1091,none,0
1092,none,0
1093,none,0
1094,none,0
1095,none,0
1096,none,0
1097,none,0
1098,none,0
1099,none,0
1100,none,0
1101,none,0
1102,none,0
1103,none,0
1104,none,0
1105,none,0
1106,none,0
1107,none,0
1108,none,0
1109,none,0
1110,none,0
1111,none,0
1112,none,0
1113,none,0
1114,none,0
1115,none,0
1116,none,0
1117,none,0
1118,none,0
1119,none,0
1120,none,0
1121,none,0
1122,none,0
1123,none,0
1124,none,0
1125,none,0
1126,none,0
1127,none,0
1128,none,0
1129,none,0
1130,none,0
1131,none,0
1132,none,0
1133,none,0
1134,none,0
1135,none,0
1136,none,0
1137,none,0
1138,none,0
1139,none,0
1140,none,0
1141,none,0
1142,none,0
1143,none,0
1144,none,0
1145,none,0
1146,none,0
1147,none,0
1148,none,0
1149,none,0
1150,none,0
1151,none,0
1152,none,0
1153,none,0
1154,none,0
1155,none,0
1156,none,0
1157,none,0
1158,none,0
1159,none,0
1160,none,0
1161,none,0
1162,none,0
1163,none,0
1164,none,0
1165,none,0
1166,none,0
1167,none,0
1168,none,0
1169,none,0
1170,none,0
1171,none,0
1172,none,0
1173,none,0
1174,none,0
1175,none,0
1176,none,0
1177,none,0
1178,none,0
1179,none,0
1180,none,0
1181,none,0
1182,none,0
1183,none,0
1184,none,0
1185,none,0
1186,none,0
1187,none,0
1188,none,0
1189,none,0
1190,none,0
1191,none,0
1192,none,0
1193,none,0
1194,none,0
1195,none,0
1196,none,0
1197,none,0
1198,none,0
1199,none,0
1200,none,0
1201,none,0
1202,none,0
1203,none,0
1204,none,0
1205,none,0
1206,none,0
1207,none,0
1208,none,0
1209,none,0
1210,none,0
1211,none,0
1212,none,0
1213,none,0
1214,none,0
1215,none,0
1216,none,0
1217,none,0
1218,none,0
1219,none,0
1220,none,0
1221,none,0
1222,none,0
1223,none,0
1224,none,0
1225,none,0
1226,none,0
1227,none,0
1228,none,0
1229,none,0
1230,none,0
1231,none,0
1232,none,0
1233,none,0
1234,none,0
1235,none,0
1236,none,0
1237,none,0
1238,none,0
1239,none,0
1240,none,0
1241,none,0
1242,none,0
1243,none,0
1244,none,0
1245,none,0
1246,none,0
1247,none,0
1248,none,0
1249,none,0
1250,none,0
1251,none,0
1252,none,0
1253,none,0
1254,none,0
1255,none,0
1256,none,0
1257,none,0
1258,none,0
1259,none,0
1260,none,0
1261,none,0
1262,none,0
1263,none,0
1264,none,0
1265,none,0
1266,none,0
1267,none,0
1268,none,0
1269,none,0
1270,none,0
1271,none,0
1272,none,0
1273,none,0
1274,none,0
1275,none,0
1276,none,0
1277,none,0
1278,none,0
1279,none,0
1280,none,0
1281,none,0
1282,none,0
1283,none,0
1284,none,0
1285,none,0
1286,none,0
1287,none,0
1288,none,0
1289,none,0
1290,none,0
1291,none,0
1292,none,0
1293,none,0
1294,none,0
1295,none,0
1296,none,0
1297,none,0
1298,none,0
1299,none,0
1300,none,0
1301,none,0
1302,none,0
1303,none,0
1304,none,0
1305,none,0
1306,none,0
1307,none,0
1308,none,0
1309,none,0
1310,none,0
1311,none,0
1312,none,0
1313,none,0
1314,none,0
1315,none,0
1316,none,0
1317,none,0
1318,none,0
1319,none,0
1320,none,0
1321,none,0
1322,none,0
1323,none,0
1324,none,0
1325,none,0
1326,none,0
1327,none,0
1328,none,0
1329,none,0
1330,none,0
1331,none,0
1332,none,0
1333,none,0
1334,none,0
1335,none,0
1336,none,0
1337,none,0
1338,none,0
1339,none,0
1340,none,0
1341,none,0
1342,none,0
1343,none,0
1344,none,0
1345,none,0
1346,none,0
1347,none,0
1348,none,0
1349,none,0
1350,none,0
1351,none,0
1352,none,0
1353,none,0
1354,none,0
1355,none,0
1356,none,0
1357,none,0
1358,none,0
1359,none,0
1360,none,0
1361,none,0
1362,none,0
1363,none,0
1364,none,0
1365,none,0
1366,none,0
1367,none,0
1368,none,0
1369,none,0
1370,none,0
1371,none,0
1372,none,0
1373,none,0
1374,none,0
1375,none,0
1376,none,0
1377,none,0
1378,none,0
1379,none,0
1380,none,0
1381,none,0
1382,none,0
1383,none,0
1384,none,0
1385,none,0
1386,none,0
1387,none,0
1388,none,0
1389,none,0
1390,none,0
1391,none,0
1392,none,0
1393,none,0
1394,none,0
1395,none,0
1396,none,0
1397,none,0
1398,none,0
1399,none,0
1400,none,0
1401,none,0
1402,none,0
1403,none,0
1404,none,0
1405,none,0
1406,none,0
1407,none,0
1408,none,0
1409,none,0
1410,none,0
1411,none,0
1412,none,0
1413,none,0
1414,none,0
1415,none,0
1416,none,0
1417,none,0
1418,none,0
1419,none,0
1420,none,0
1421,none,0
1422,none,0
1423,none,0
1424,none,0
1425,none,0
1426,none,0
1427,none,0
1428,none,0
1429,none,0
1430,none,0
1431,none,0
1432,none,0
1433,none,0
1434,none,0
1435,sensor_glitch,1
1436,none,0
1437,none,0
1438,none,0
1439,none,0
1440,none,0
1441,none,0
1442,none,0
1443,none,0
1444,none,0
1445,none,0
1446,none,0
1447,none,0
1448,none,0
1449,none,0
1450,none,0
1451,none,0
1452,none,0
1453,none,0
1454,none,0
1455,none,0
1456,none,0
1457,none,0
1458,none,0
1459,none,0
1460,none,0
1461,none,0
1462,none,0
1463,none,0
1464,none,0
1465,none,0
1466,none,0
1467,none,0
1468,none,0
1469,none,0
1470,none,0
1471,none,0
1472,none,0
1473,none,0
1474,none,0
1475,none,0
1476,none,0
1477,none,0
1478,none,0
1479,none,0
1480,none,0
1481,none,0
1482,none,0
1483,none,0
1484,none,0
1485,none,0
1486,none,0
1487,none,0
1488,none,0
1489,none,0
1490,none,0
1491,none,0
1492,none,0
1493,none,0
1494,none,0
1495,none,0
1496,none,0
1497,none,0
1498,none,0
1499,none,0
1500,none,0
1501,none,0
1502,none,0
1503,none,0
1504,none,0
1505,none,0
1506,none,0
1507,none,0
1508,none,0
1509,sensor_glitch,1
1510,none,0
1511,none,0
1512,none,0
1513,none,0
1514,none,0
1515,none,0
1516,none,0
1517,none,0
1518,none,0
1519,none,0
1520,none,0
1521,none,0
1522,none,0
1523,silent_failure,1
1524,none,0
1525,silent_failure,1
1526,none,0
1527,silent_failure,1
1528,none,0
1529,none,0
1530,none,0
1531,none,0
1532,none,0
1533,none,0
1534,none,0
1535,none,0
1536,none,0
1537,none,0
1538,none,0
1539,none,0
1540,none,0
1541,none,0
1542,none,0
1543,none,0
1544,none,0
1545,none,0
1546,none,0
1547,none,0
1548,none,0
1549,none,0
1550,none,0
1551,none,0
1552,none,0
1553,none,0
1554,none,0
1555,none,0
1556,none,0
1557,none,0
1558,none,0
1559,none,0
1560,none,0
1561,none,0
1562,silent_failure,1
1563,none,0
1564,none,0
1565,none,0
1566,none,0
1567,none,0
1568,none,0
1569,none,0
1570,none,0
1571,none,0
1572,none,0
1573,none,0
1574,none,0
1575,none,0
1576,none,0
1577,none,0
1578,none,0
1579,none,0
1580,none,0
1581,none,0
1582,none,0
1583,none,0
1584,none,0
1585,none,0
1586,none,0
1587,none,0
1588,none,0
1589,none,0
1590,none,0
1591,none,0
1592,none,0
1593,none,0
1594,none,0
1595,none,0
1596,none,0
1597,none,0
1598,none,0
1599,none,0
1600,none,0
1601,none,0
1602,none,0
1603,none,0
1604,none,0
1605,none,0
1606,none,0
1607,none,0
1608,none,0
1609,none,0
1610,none,0
1611,none,0
1612,none,0
1613,none,0
1614,none,0
1615,none,0
1616,none,0
1617,none,0
1618,none,0
1619,none,0
1620,none,0
1621,none,0
1622,none,0
1623,none,0
1624,none,0
1625,none,0
1626,none,0
1627,none,0
1628,none,0
1629,none,0
1630,none,0
1631,none,0
1632,silent_failure,1
1633,none,0
1634,silent_failure,1
1635,none,0
1636,none,0
1637,none,0
1638,none,0
1639,none,0
1640,none,0
1641,none,0
1642,none,0
1643,none,0
1644,none,0
1645,none,0
1646,none,0
1647,none,0
1648,none,0
1649,none,0
1650,none,0
1651,none,0
1652,none,0
1653,none,0
1654,none,0
1655,none,0
1656,none,0
1657,none,0
1658,none,0
1659,none,0
1660,none,0
1661,none,0
1662,none,0
1663,none,0
1664,none,0
1665,none,0
1666,none,0
1667,silent_failure,1
1668,none,0
1669,none,0
1670,none,0
1671,none,0
1672,none,0
1673,none,0
1674,none,0
1675,none,0
1676,none,0
1677,none,0
1678,none,0
1679,none,0
1680,none,0
1681,none,0
1682,none,0
1683,none,0
1684,none,0
1685,none,0
1686,none,0
1687,none,0
1688,none,0
1689,none,0
1690,none,0
1691,none,0
1692,none,0
1693,none,0
1694,none,0
1695,none,0
1696,none,0
1697,none,0
1698,none,0
1699,none,0
1700,none,0
1701,none,0
1702,silent_failure,1
1703,none,0
1704,silent_failure,1
1705,none,0
1706,none,0
1707,none,0
1708,sensor_glitch,1
1709,none,0
1710,none,0
1711,none,0
1712,sensor_glitch,1
1713,none,0
1714,none,0
1715,none,0
1716,none,0
1717,none,0
1718,none,0
1719,none,0
1720,none,0
1721,none,0
1722,none,0
1723,none,0
1724,none,0
1725,none,0
1726,none,0
1727,none,0
1728,none,0
1729,none,0
1730,none,0
1731,none,0
1732,none,0
1733,none,0
1734,none,0
1735,none,0
1736,none,0
1737,none,0
1738,none,0
1739,none,0
1740,none,0
1741,none,0
1742,none,0
1743,none,0
1744,none,0
1745,none,0
1746,none,0
1747,none,0
1748,none,0
1749,none,0
1750,none,0
1751,none,0
1752,none,0
1753,none,0
1754,none,0
1755,none,0
1756,none,0
1757,sensor_glitch,1
1758,none,0
1759,none,0
1760,none,0
1761,none,0
1762,none,0
1763,none,0
1764,none,0
1765,none,0
1766,none,0
1767,none,0
1768,none,0
1769,none,0
1770,none,0
1771,none,0
1772,none,0
1773,none,0
1774,none,0
1775,none,0
1776,none,0
1777,none,0
1778,none,0
1779,none,0
1780,none,0
1781,none,0
1782,none,0
1783,sensor_glitch,1
1784,none,0
1785,none,0
1786,none,0
1787,none,0
1788,none,0
1789,silent_failure,1
1790,none,0
1791,none,0
1792,none,0
1793,none,0
1794,none,0
1795,none,0
1796,none,0
1797,none,0
1798,none,0
1799,none,0
1800,none,0
1801,none,0
1802,none,0
1803,none,0
1804,none,0
1805,none,0
1806,none,0
1807,none,0
1808,none,0
1809,none,0
1810,none,0
1811,none,0
1812,none,0
1813,none,0
1814,none,0
1815,none,0
1816,none,0
1817,none,0
1818,none,0
1819,none,0
1820,none,0
1821,none,0
1822,none,0
1823,none,0
1824,none,0
1825,none,0
1826,none,0
1827,none,0
1828,none,0
1829,none,0
1830,none,0
1831,none,0
1832,none,0
1833,none,0
1834,none,0
1835,none,0
1836,none,0
1837,none,0
1838,none,0
1839,none,0
1840,none,0
1841,none,0
1842,none,0
1843,none,0
1844,none,0
1845,none,0
1846,none,0
1847,none,0
1848,none,0
1849,none,0
1850,none,0
1851,none,0
1852,none,0
1853,none,0
1854,none,0
1855,none,0
1856,none,0
1857,none,0
1858,none,0
1859,none,0
1860,none,0
1861,none,0
1862,none,0
1863,none,0
1864,none,0
1865,none,0
1866,none,0
1867,none,0
1868,none,0
1869,none,0
1870,none,0
1871,none,0
1872,none,0
1873,none,0
1874,none,0
1875,none,0
1876,none,0
1877,none,0
1878,none,0
1879,none,0
1880,none,0
1881,none,0
1882,none,0
1883,none,0
1884,none,0
1885,none,0
1886,none,0
1887,none,0
1888,none,0
1889,none,0
1890,none,0
1891,none,0
1892,none,0
1893,none,0
1894,none,0
1895,none,0
1896,none,0
1897,none,0
1898,none,0
1899,none,0
1900,none,0
1901,none,0
1902,none,0
1903,none,0
1904,none,0
1905,none,0
1906,none,0
1907,none,0
1908,none,0
1909,none,0
1910,none,0
1911,none,0
1912,none,0
1913,none,0
1914,none,0
1915,none,0
1916,none,0
1917,none,0
1918,none,0
1919,none,0
1920,sensor_glitch,1
1921,none,0
1922,none,0
1923,none,0
1924,none,0
1925,none,0
1926,none,0
1927,none,0
1928,silent_failure,1
1929,none,0
1930,none,0
1931,none,0
1932,none,0
1933,none,0
1934,none,0
1935,none,0
1936,none,0
1937,none,0
1938,none,0
1939,none,0
1940,sensor_glitch,1
1941,none,0
1942,none,0
1943,none,0
1944,none,0
1945,none,0
1946,none,0
1947,none,0
1948,none,0
1949,none,0
1950,none,0
1951,none,0
1952,none,0
1953,none,0
1954,none,0
1955,none,0
1956,none,0
1957,none,0
1958,none,0
1959,none,0
1960,sensor_glitch,1
1961,none,0
1962,sensor_glitch,1
1963,none,0
1964,none,0
1965,none,0
1966,none,0
1967,none,0
1968,none,0
1969,none,0
1970,none,0
1971,silent_failure,1
1972,none,0
1973,none,0
1974,none,0
1975,none,0
1976,none,0
1977,none,0
1978,none,0
1979,none,0
1980,none,0
1981,none,0
1982,none,0
1983,none,0
1984,none,0
1985,none,0
1986,sensor_glitch,1
1987,none,0
1988,none,0
1989,none,0
1990,none,0
1991,none,0
1992,silent_failure,1
1993,none,0
1994,none,0
1995,none,0
1996,none,0
1997,none,0
1998,none,0
1999,none,0
2000,none,0
2001,none,0
2002,none,0
2003,none,0
2004,none,0
2005,none,0
2006,none,0
2007,none,0
2008,none,0
2009,none,0
2010,none,0
2011,none,0
2012,none,0
2013,none,0
2014,none,0
2015,none,0
2016,none,0
2017,none,0
2018,none,0
2019,none,0
2020,none,0
2021,none,0
2022,none,0
2023,none,0
2024,none,0
2025,none,0
2026,none,0
2027,none,0
2028,none,0
2029,none,0
2030,none,0
2031,none,0
2032,none,0
2033,none,0
2034,silent_failure,1
2035,none,0
2036,none,0
2037,none,0
2038,none,0
2039,none,0
2040,sensor_glitch,1
2041,none,0
2042,none,0
2043,none,0
2044,none,0
2045,none,0
2046,none,0
2047,none,0
2048,none,0
2049,none,0
2050,none,0
2051,none,0
2052,none,0
2053,silent_failure,1
2054,none,0
2055,none,0
2056,none,0
2057,none,0
2058,none,0
2059,none,0
2060,none,0
2061,none,0
2062,none,0
2063,none,0
2064,none,0
2065,none,0
2066,none,0
2067,none,0
2068,none,0
2069,none,0
2070,none,0
2071,none,0
2072,none,0
2073,none,0
2074,none,0
2075,none,0
2076,none,0
2077,none,0
2078,none,0
2079,none,0
2080,none,0
2081,none,0
2082,none,0
2083,none,0
2084,none,0
2085,none,0
2086,none,0
2087,none,0
2088,none,0
2089,none,0
2090,none,0
2091,none,0
2092,none,0
2093,none,0
2094,none,0
2095,none,0
2096,none,0
2097,none,0
2098,none,0
2099,none,0
2100,none,0
2101,none,0
2102,none,0
2103,none,0
2104,none,0
2105,none,0
2106,none,0
2107,none,0
2108,none,0
2109,none,0
2110,none,0
2111,none,0
2112,none,0
2113,none,0
2114,none,0
2115,none,0
2116,none,0
2117,none,0
2118,none,0
2119,none,0
2120,none,0
2121,none,0
2122,silent_failure,1
2123,none,0
2124,none,0
2125,none,0
2126,none,0
2127,none,0
2128,none,0
2129,none,0
2130,none,0
2131,none,0
2132,none,0
2133,silent_failure,1
2134,none,0
2135,none,0
2136,none,0
2137,none,0
2138,none,0
2139,none,0
2140,none,0
2141,none,0
2142,none,0
2143,none,0
2144,none,0
2145,none,0
2146,sensor_glitch,1
2147,none,0
2148,none,0
2149,sensor_glitch,1
2150,none,0
2151,none,0
2152,none,0
2153,none,0
2154,none,0
2155,none,0
2156,none,0
2157,none,0
2158,silent_failure,1
2159,none,0
2160,none,0
2161,sensor_glitch,1
2162,silent_failure,1
2163,none,0
2164,none,0
2165,none,0
2166,none,0
2167,none,0
2168,none,0
2169,none,0
2170,none,0
2171,none,0
2172,none,0
2173,none,0
2174,none,0
2175,none,0
2176,none,0
2177,none,0
2178,none,0
2179,none,0
2180,none,0
2181,none,0
2182,none,0
2183,none,0
2184,silent_failure,1
2185,none,0
2186,none,0
2187,none,0
2188,none,0
2189,none,0
2190,none,0
2191,none,0
2192,none,0
2193,none,0
2194,none,0
2195,none,0
2196,none,0
2197,none,0
2198,none,0
2199,none,0
2200,none,0
2201,none,0
2202,none,0
2203,none,0
2204,none,0
2205,none,0
2206,none,0
2207,none,0
2208,none,0
2209,none,0
2210,none,0
2211,none,0
2212,none,0
2213,none,0
2214,none,0
2215,none,0
2216,none,0
2217,none,0
2218,none,0
2219,none,0
2220,none,0
2221,none,0
2222,none,0
2223,none,0
2224,none,0
2225,none,0
2226,none,0
2227,none,0
2228,none,0
2229,none,0
2230,none,0
2231,sensor_glitch,1
2232,none,0
2233,none,0
2234,none,0
2235,none,0
2236,none,0
2237,none,0
2238,none,0
2239,none,0
2240,none,0
2241,none,0
2242,silent_failure,1
2243,none,0
2244,none,0
2245,none,0
2246,none,0
2247,none,0
2248,none,0
2249,none,0
2250,none,0
2251,none,0
2252,none,0
2253,none,0
2254,none,0
2255,none,0
2256,none,0
2257,none,0
2258,none,0
2259,none,0
2260,silent_failure,1
2261,none,0
2262,silent_failure,1
2263,none,0
2264,silent_failure,1
2265,none,0
2266,none,0
2267,none,0
2268,none,0
2269,none,0
2270,none,0
2271,none,0
2272,none,0
2273,none,0
2274,none,0
2275,none,0
2276,none,0
2277,none,0
2278,none,0
2279,none,0
2280,none,0
2281,none,0
2282,none,0
2283,none,0
2284,none,0
2285,none,0
2286,none,0
2287,none,0
2288,none,0
2289,none,0
2290,none,0
2291,none,0
2292,sensor_glitch,1
2293,none,0
2294,none,0
2295,none,0
2296,silent_failure,1
2297,none,0
2298,none,0
2299,none,0
2300,none,0
2301,none,0
2302,none,0
2303,none,0
2304,none,0
2305,none,0
2306,silent_failure,1
2307,none,0
2308,none,0
2309,none,0
2310,none,0
2311,none,0
2312,none,0
2313,none,0
2314,none,0
2315,none,0
2316,silent_failure,1
2317,none,0
2318,none,0
2319,sensor_glitch,1
2320,none,0
2321,none,0
2322,none,0
2323,none,0
2324,none,0
2325,none,0
2326,none,0
2327,none,0
2328,none,0
2329,silent_failure,1
2330,none,0
2331,none,0
2332,silent_failure,1
2333,none,0
2334,none,0
2335,none,0
2336,none,0
2337,none,0
2338,none,0
2339,none,0
2340,none,0
2341,none,0
2342,none,0
2343,none,0
2344,none,0
2345,none,0
2346,none,0
2347,none,0
2348,none,0
2349,none,0
2350,silent_failure,1
2351,none,0
2352,none,0
2353,none,0
2354,none,0
2355,none,0
2356,none,0
2357,none,0
2358,none,0
2359,none,0
2360,none,0
2361,none,0
2362,none,0
2363,none,0
2364,none,0
2365,none,0
2366,none,0
2367,none,0
2368,none,0
2369,none,0
2370,none,0
2371,none,0
2372,none,0
2373,none,0
2374,none,0
2375,none,0
2376,none,0
2377,none,0
2378,none,0
2379,none,0
2380,none,0
2381,none,0
2382,none,0
2383,none,0
2384,none,0
2385,none,0
2386,none,0
2387,none,0
2388,none,0
2389,none,0
2390,none,0
2391,none,0
2392,none,0
2393,none,0
2394,none,0
2395,none,0
2396,none,0
2397,none,0
2398,none,0
2399,none,0
2400,none,0
2401,none,0
2402,none,0
2403,none,0
2404,none,0
2405,none,0
2406,none,0
2407,none,0
2408,none,0
2409,none,0
2410,none,0
2411,none,0
2412,none,0
2413,none,0
2414,sensor_glitch,1
2415,none,0
2416,none,0
2417,none,0
2418,none,0
2419,none,0
2420,none,0
2421,none,0
2422,none,0
2423,none,0
2424,none,0
2425,none,0
2426,none,0
2427,none,0
2428,none,0
2429,none,0
2430,none,0
2431,none,0
2432,none,0
2433,none,0
2434,none,0
2435,none,0
2436,none,0
2437,none,0
2438,none,0
2439,none,0
2440,none,0
2441,none,0
2442,none,0
2443,none,0
2444,none,0
2445,none,0
2446,none,0
2447,none,0
2448,none,0
2449,none,0
2450,none,0
2451,none,0
2452,none,0
2453,none,0
2454,none,0
2455,none,0
2456,sensor_glitch,1
2457,none,0
2458,none,0
2459,none,0
2460,none,0
2461,none,0
2462,none,0
2463,none,0
2464,none,0
2465,none,0
2466,none,0
2467,none,0
2468,none,0
2469,none,0
2470,none,0
2471,none,0
2472,none,0
2473,none,0
2474,none,0
2475,none,0
2476,none,0
2477,none,0
2478,none,0
2479,none,0
2480,none,0
2481,none,0
2482,none,0
2483,none,0
2484,none,0
2485,none,0
2486,none,0
2487,none,0
2488,none,0
2489,none,0
2490,none,0
2491,none,0
2492,none,0
2493,none,0
2494,none,0
2495,none,0
2496,none,0
2497,none,0
2498,none,0
2499,none,0
2500,none,0
2501,none,0
2502,none,0
2503,none,0
2504,none,0
2505,none,0
2506,none,0
2507,none,0
2508,none,0
2509,none,0
2510,none,0
2511,none,0
2512,none,0
2513,none,0
2514,none,0
2515,none,0
2516,none,0
2517,none,0
2518,none,0
2519,none,0
2520,none,0
2521,none,0
2522,none,0
2523,none,0
2524,none,0
2525,none,0
2526,none,0
2527,none,0
2528,none,0
2529,none,0
2530,none,0
2531,none,0
2532,none,0
2533,none,0
2534,none,0
2535,none,0
2536,none,0
2537,none,0
2538,none,0
2539,none,0
2540,none,0
2541,none,0
2542,none,0
2543,none,0
2544,none,0
2545,none,0
2546,none,0
2547,none,0
2548,none,0
2549,none,0
2550,none,0
2551,none,0
2552,none,0
2553,none,0
2554,none,0
2555,none,0
2556,none,0
2557,none,0
2558,none,0
2559,none,0
2560,none,0
2561,none,0
2562,none,0
2563,none,0
2564,none,0
2565,none,0
2566,none,0
2567,none,0
2568,none,0
2569,none,0
2570,none,0
2571,none,0
2572,none,0
2573,none,0
2574,none,0
2575,none,0
2576,none,0
2577,none,0
2578,none,0
2579,none,0
2580,none,0
2581,none,0
2582,none,0
2583,none,0
2584,none,0
2585,none,0
2586,none,0
2587,none,0
2588,none,0
2589,none,0
2590,none,0
2591,none,0
2592,none,0
2593,none,0
2594,none,0
2595,none,0
2596,none,0
2597,none,0
2598,none,0
2599,none,0
2600,none,0
2601,none,0
2602,none,0
2603,none,0
2604,none,0
2605,none,0
2606,none,0
2607,none,0
2608,none,0
2609,none,0
2610,none,0
2611,none,0
2612,none,0
2613,none,0
2614,none,0
2615,none,0
2616,none,0
2617,none,0
2618,none,0
2619,none,0
2620,none,0
2621,none,0
2622,none,0
2623,none,0
2624,none,0
2625,none,0
2626,none,0
2627,none,0
2628,none,0
2629,none,0
2630,none,0
2631,none,0
2632,none,0
2633,none,0
2634,none,0
2635,none,0
2636,none,0
2637,none,0
2638,none,0
2639,none,0
2640,none,0
2641,none,0
2642,none,0
2643,none,0
2644,none,0
2645,none,0
2646,none,0
2647,none,0
2648,none,0
2649,none,0
2650,none,0
2651,none,0
2652,none,0
2653,none,0
2654,none,0
2655,none,0
2656,none,0
2657,none,0
2658,none,0
2659,none,0
2660,none,0
2661,none,0
2662,none,0
2663,none,0
2664,none,0
2665,none,0
2666,none,0
2667,none,0
2668,none,0
2669,none,0
2670,none,0
2671,none,0
2672,none,0
2673,none,0
2674,none,0
2675,none,0
2676,none,0
2677,none,0
2678,none,0
2679,none,0
2680,none,0
2681,none,0
2682,none,0
2683,none,0
2684,none,0
2685,none,0
2686,none,0
2687,none,0
2688,none,0
2689,none,0
2690,none,0
2691,none,0
2692,none,0
2693,none,0
2694,none,0
2695,none,0
2696,none,0
2697,none,0
2698,none,0
2699,none,0
2700,none,0
2701,none,0
2702,none,0
2703,none,0
2704,none,0
2705,none,0
2706,none,0
2707,none,0
2708,none,0
2709,none,0
2710,none,0
2711,none,0
2712,none,0
2713,none,0
2714,none,0
2715,none,0
2716,none,0
2717,none,0
2718,none,0
2719,none,0
2720,none,0
2721,none,0
2722,none,0
2723,none,0
2724,none,0
2725,none,0
2726,none,0
2727,none,0
2728,none,0
2729,none,0
2730,none,0
2731,none,0
2732,none,0
2733,none,0
2734,none,0
2735,none,0
2736,none,0
2737,none,0
2738,none,0
2739,none,0
2740,none,0
2741,none,0
2742,none,0
2743,none,0
2744,none,0
2745,none,0
2746,none,0
2747,none,0
2748,none,0
2749,none,0
2750,none,0
2751,none,0
2752,none,0
2753,none,0
2754,none,0
2755,none,0
2756,none,0
2757,none,0
2758,none,0
2759,none,0
2760,none,0
2761,none,0
2762,none,0
2763,none,0
2764,none,0
2765,none,0
2766,none,0
2767,none,0
2768,none,0
2769,none,0
2770,none,0
2771,none,0
2772,none,0
2773,none,0
2774,none,0
2775,none,0
2776,none,0
2777,none,0
2778,none,0
2779,none,0
2780,none,0
2781,none,0
2782,none,0
2783,none,0
2784,none,0
2785,none,0
2786,none,0
2787,none,0
2788,none,0
2789,none,0
2790,none,0
2791,none,0
2792,none,0
2793,none,0
2794,none,0
2795,none,0
2796,none,0
2797,none,0
2798,none,0
2799,none,0
2800,none,0
2801,none,0
2802,none,0
2803,none,0
2804,none,0
2805,none,0
2806,none,0
2807,none,0
2808,none,0
2809,none,0
2810,none,0
2811,none,0
2812,none,0
2813,none,0
2814,none,0
2815,none,0
2816,none,0
2817,none,0
2818,none,0
2819,none,0
2820,none,0
2821,none,0
2822,none,0
2823,none,0
2824,none,0
2825,none,0
2826,none,0
2827,none,0
2828,none,0
2829,none,0
2830,none,0
2831,none,0
2832,none,0
2833,none,0
2834,none,0
2835,none,0
2836,none,0
2837,none,0
2838,none,0
2839,none,0
2840,none,0
2841,none,0
2842,none,0
2843,none,0
2844,none,0
2845,none,0
2846,none,0
2847,none,0
2848,none,0
2849,none,0
2850,none,0
2851,none,0
2852,none,0
2853,none,0
2854,none,0
2855,none,0
2856,none,0
2857,none,0
2858,none,0
2859,none,0
2860,none,0
2861,none,0
2862,none,0
2863,none,0
2864,none,0
2865,none,0
2866,none,0
2867,none,0
2868,none,0
2869,none,0
2870,none,0
2871,none,0
2872,none,0
2873,none,0
2874,none,0
2875,none,0
2876,none,0
2877,none,0
2878,none,0
2879,none,0
2880,none,0
2881,none,0
2882,none,0
2883,none,0
2884,none,0
2885,none,0
2886,none,0
2887,none,0
2888,none,0
2889,none,0
2890,none,0
2891,none,0
2892,none,0
2893,none,0
2894,none,0
2895,none,0
2896,none,0
2897,none,0
2898,none,0
2899,none,0
2900,none,0
2901,none,0
2902,none,0
2903,none,0
2904,none,0
2905,none,0
2906,none,0
2907,none,0
2908,none,0
2909,none,0
2910,none,0
2911,none,0
2912,none,0
2913,none,0
2914,none,0
2915,none,0
2916,none,0
2917,none,0
2918,none,0
2919,none,0
2920,none,0
2921,none,0
2922,none,0
2923,none,0
2924,none,0
2925,none,0
2926,none,0
2927,none,0
2928,none,0
2929,none,0
2930,none,0
2931,none,0
2932,none,0
2933,none,0
2934,none,0
2935,none,0
2936,none,0
2937,none,0
2938,none,0
2939,none,0
2940,none,0
2941,none,0
2942,none,0
2943,none,0
2944,none,0
2945,none,0
2946,none,0
2947,none,0
2948,none,0
2949,none,0
2950,none,0
2951,none,0
2952,none,0
2953,none,0
2954,none,0
2955,none,0
2956,none,0
2957,none,0
2958,none,0
2959,none,0
2960,none,0
2961,none,0
2962,none,0
2963,none,0
2964,none,0
2965,none,0
2966,none,0
2967,none,0
2968,none,0
2969,none,0
2970,none,0
2971,none,0
2972,none,0
2973,none,0
2974,none,0
2975,none,0
2976,none,0
2977,none,0
2978,none,0
2979,none,0
2980,none,0
2981,none,0
2982,none,0
2983,none,0
2984,none,0
2985,none,0
2986,none,0
2987,none,0
2988,none,0
2989,none,0
2990,none,0
2991,none,0
2992,none,0
2993,none,0
2994,none,0
2995,none,0
2996,none,0
2997,none,0
2998,none,0
2999,none,0
3000,none,0
3001,none,0
3002,none,0
3003,none,0
3004,none,0
3005,none,0
3006,none,0
3007,none,0
3008,none,0
3009,none,0
3010,none,0
3011,none,0
3012,none,0
3013,none,0
3014,none,0
3015,none,0
3016,none,0
3017,none,0
3018,none,0
3019,none,0
3020,none,0
3021,none,0
3022,none,0
3023,none,0
3024,none,0
3025,none,0
3026,none,0
3027,none,0
3028,none,0
3029,none,0
3030,none,0
3031,none,0
3032,none,0
3033,none,0
3034,none,0
3035,none,0
3036,none,0
3037,none,0
3038,none,0
3039,none,0
3040,none,0
3041,none,0
3042,none,0
3043,none,0
3044,none,0
3045,none,0
3046,none,0
3047,none,0
3048,none,0
3049,none,0
3050,none,0
3051,none,0
3052,none,0
3053,none,0
3054,none,0
3055,none,0
3056,none,0
3057,none,0
3058,none,0
3059,none,0
3060,none,0
3061,none,0
3062,none,0
3063,none,0
3064,none,0
3065,none,0
3066,none,0
3067,none,0
3068,none,0
3069,none,0
3070,none,0
3071,none,0
3072,none,0
3073,none,0
3074,none,0
3075,none,0
3076,none,0
3077,none,0
3078,none,0
3079,none,0
3080,none,0
3081,none,0
3082,none,0
3083,none,0
3084,none,0
3085,none,0
3086,none,0
3087,none,0
3088,none,0
3089,none,0
3090,none,0
3091,none,0
3092,none,0
3093,none,0
3094,none,0
3095,none,0
3096,none,0
3097,none,0
3098,none,0
3099,none,0
3100,none,0
3101,none,0
3102,none,0
3103,none,0
3104,none,0
3105,none,0
3106,none,0
3107,none,0
3108,none,0
3109,none,0
3110,none,0
3111,none,0
3112,none,0
3113,none,0
3114,none,0
3115,none,0
3116,none,0
3117,none,0
3118,none,0
3119,none,0
3120,none,0
3121,none,0
3122,none,0
3123,none,0
3124,none,0
3125,none,0
3126,none,0
3127,none,0
3128,none,0
3129,none,0
3130,none,0
3131,none,0
3132,none,0
3133,none,0
3134,none,0
3135,none,0
3136,none,0
3137,none,0
3138,none,0
3139,none,0
3140,none,0
3141,none,0
3142,none,0
3143,none,0
3144,none,0
3145,none,0
3146,none,0
3147,none,0
3148,none,0
3149,none,0
3150,none,0
3151,none,0
3152,none,0
3153,none,0
3154,none,0
3155,none,0
3156,none,0
3157,none,0
3158,none,0
3159,none,0
3160,none,0
3161,none,0
3162,none,0
3163,none,0
3164,none,0
3165,none,0
3166,none,0
3167,none,0
3168,none,0
3169,none,0
3170,none,0
3171,none,0
3172,none,0
3173,none,0
3174,none,0
3175,none,0
3176,none,0
3177,none,0
3178,none,0
3179,none,0
3180,none,0
3181,none,0
3182,none,0
3183,none,0
3184,none,0
3185,none,0
3186,none,0
3187,none,0
3188,none,0
3189,none,0
3190,none,0
3191,none,0
3192,none,0
3193,none,0
3194,none,0
3195,none,0
3196,none,0
3197,none,0
3198,none,0
3199,none,0
3200,none,0
3201,none,0
3202,none,0
3203,none,0
3204,none,0
3205,none,0
3206,none,0
3207,none,0
3208,none,0
3209,none,0
3210,none,0
3211,none,0
3212,none,0
3213,none,0
3214,none,0
3215,none,0
3216,none,0
3217,none,0
3218,none,0
3219,none,0
3220,none,0
3221,none,0
3222,none,0
3223,none,0
3224,none,0
3225,none,0
3226,none,0
3227,none,0
3228,none,0
3229,none,0
3230,none,0
3231,none,0
3232,none,0
3233,none,0
3234,none,0
3235,none,0
3236,none,0
3237,none,0
3238,none,0
3239,none,0
3240,none,0
3241,none,0
3242,none,0
3243,none,0
3244,none,0
3245,none,0
3246,none,0
3247,none,0
3248,none,0
3249,none,0
3250,none,0
3251,none,0
3252,none,0
3253,none,0
3254,none,0
3255,none,0
3256,none,0
3257,none,0
3258,none,0
3259,none,0
3260,none,0
3261,none,0
3262,none,0
3263,none,0
3264,none,0
3265,none,0
3266,none,0
3267,none,0
3268,none,0
3269,none,0
3270,none,0
3271,none,0
3272,none,0
3273,none,0
3274,none,0
3275,none,0
3276,none,0
3277,none,0
3278,none,0
3279,none,0
3280,none,0
3281,none,0
3282,none,0
3283,none,0
3284,none,0
3285,none,0
3286,none,0
3287,none,0
3288,none,0
3289,none,0
3290,none,0
3291,none,0
3292,none,0
3293,none,0
3294,none,0
3295,none,0
3296,none,0
3297,none,0
3298,none,0
3299,none,0
3300,none,0
3301,none,0
3302,none,0
3303,none,0
3304,none,0
3305,none,0
3306,none,0
3307,none,0
3308,none,0
3309,none,0
3310,none,0
3311,none,0
3312,none,0
3313,none,0
3314,none,0
3315,none,0
3316,none,0
3317,none,0
3318,none,0
3319,none,0
3320,none,0
3321,none,0
3322,none,0
3323,none,0
3324,none,0
3325,none,0
3326,none,0
3327,none,0
3328,none,0
3329,none,0
3330,none,0
3331,none,0
3332,none,0
3333,none,0
3334,none,0
3335,none,0
3336,none,0
3337,none,0
3338,none,0
3339,none,0
3340,none,0
3341,none,0
3342,none,0
3343,none,0
3344,none,0
3345,none,0
3346,none,0
3347,none,0
3348,none,0
3349,none,0
3350,none,0
3351,none,0
3352,none,0
3353,none,0
3354,none,0
3355,none,0
3356,none,0
3357,none,0
3358,none,0
3359,none,0
3360,none,0
3361,none,0
3362,none,0
3363,none,0
3364,none,0
3365,none,0
3366,none,0
3367,none,0
3368,none,0
3369,none,0
3370,none,0
3371,none,0
3372,none,0
3373,none,0
3374,none,0
3375,none,0
3376,none,0
3377,none,0
3378,none,0
3379,none,0
3380,none,0
3381,none,0
3382,none,0
3383,none,0
3384,none,0
3385,none,0
3386,none,0
3387,none,0
3388,none,0
3389,none,0
3390,none,0
3391,none,0
3392,none,0
3393,none,0
3394,none,0
3395,none,0
3396,none,0
3397,none,0
3398,none,0
3399,none,0
3400,none,0
3401,none,0
3402,none,0
3403,none,0
3404,none,0
3405,none,0
3406,none,0
3407,none,0
3408,none,0
3409,none,0
3410,none,0
3411,none,0
3412,none,0
3413,none,0
3414,none,0
3415,none,0
3416,none,0
3417,none,0
3418,none,0
3419,none,0
3420,none,0
3421,none,0
3422,none,0
3423,none,0
3424,none,0
3425,none,0
3426,none,0
3427,none,0
3428,none,0
3429,none,0
3430,none,0
3431,none,0
3432,none,0
3433,none,0
3434,none,0
3435,none,0
3436,none,0
3437,none,0
3438,none,0
3439,none,0
3440,none,0
3441,none,0
3442,none,0
3443,none,0
3444,none,0
3445,none,0
3446,none,0
3447,none,0
3448,none,0
3449,none,0
3450,none,0
3451,none,0
3452,none,0
3453,none,0
3454,none,0
3455,none,0
3456,none,0
3457,none,0
3458,none,0
3459,none,0
3460,none,0
3461,none,0
3462,none,0
3463,none,0
3464,none,0
3465,none,0
3466,none,0
3467,none,0
3468,none,0
3469,none,0
3470,none,0
3471,none,0
3472,none,0
3473,none,0
3474,none,0
3475,none,0
3476,none,0
3477,none,0
3478,none,0
3479,none,0
3480,none,0
3481,none,0
3482,none,0
3483,none,0
3484,none,0
3485,none,0
3486,none,0
3487,none,0
3488,none,0
3489,none,0
3490,none,0
3491,none,0
3492,none,0
3493,none,0
3494,none,0
3495,none,0
3496,none,0
3497,none,0
3498,none,0
3499,none,0
3500,none,0
3501,none,0
3502,none,0
3503,none,0
3504,none,0
3505,none,0
3506,none,0
3507,none,0
3508,none,0
3509,none,0
3510,none,0
3511,none,0
3512,none,0
3513,none,0
3514,none,0
3515,none,0
3516,none,0
3517,none,0
3518,none,0
3519,none,0
3520,none,0
3521,none,0
3522,none,0
3523,none,0
3524,none,0
3525,none,0
3526,none,0
3527,none,0
3528,none,0
3529,none,0
3530,none,0
3531,none,0
3532,none,0
3533,none,0
3534,none,0
3535,none,0
3536,none,0
3537,none,0
3538,none,0
3539,none,0
3540,none,0
3541,none,0
3542,none,0
3543,none,0
3544,none,0
3545,none,0
3546,none,0
3547,none,0
3548,none,0
3549,none,0
3550,none,0
3551,none,0
3552,none,0
3553,none,0
3554,none,0
3555,none,0
3556,none,0
3557,none,0
3558,none,0
3559,none,0
3560,none,0
3561,none,0
3562,none,0
3563,none,0
3564,none,0
3565,none,0
3566,none,0
3567,none,0
3568,none,0
3569,none,0
3570,none,0
3571,none,0
3572,none,0
3573,none,0
3574,none,0
3575,none,0
3576,none,0
3577,none,0
3578,none,0
3579,none,0
3580,none,0
3581,none,0
3582,none,0
3583,none,0
3584,none,0
3585,none,0
3586,none,0
3587,none,0
3588,none,0
3589,none,0
3590,none,0
3591,none,0
3592,none,0
3593,none,0
3594,none,0
3595,none,0
3596,none,0
3597,none,0
3598,none,0
3599,none,0
3600,none,0
3601,none,0
3602,none,0
3603,none,0
3604,none,0
3605,none,0
3606,none,0
3607,none,0
3608,none,0
3609,none,0
3610,none,0
3611,none,0
3612,none,0
3613,none,0
3614,none,0
3615,none,0
3616,none,0
3617,none,0
3618,none,0
3619,none,0
3620,none,0
3621,none,0
3622,none,0
3623,none,0
3624,none,0
3625,none,0
3626,none,0
3627,none,0
3628,none,0
3629,none,0
3630,none,0
3631,none,0
3632,none,0
3633,none,0
3634,none,0
3635,none,0
3636,none,0
3637,none,0
3638,none,0
3639,none,0
3640,none,0
3641,none,0
3642,none,0
3643,none,0
3644,none,0
3645,none,0
3646,none,0
3647,none,0
3648,none,0
3649,none,0
3650,none,0
3651,none,0
3652,none,0
3653,none,0
3654,none,0
3655,none,0
3656,none,0
3657,none,0
3658,none,0
3659,none,0
3660,none,0
3661,none,0
3662,none,0
3663,none,0
3664,none,0
3665,none,0
3666,none,0
3667,none,0
3668,none,0
3669,none,0
3670,none,0
3671,none,0
3672,none,0
3673,none,0
3674,none,0
3675,none,0
3676,none,0
3677,none,0
3678,none,0
3679,none,0
3680,none,0
3681,none,0
3682,none,0
3683,none,0
3684,none,0
3685,none,0
3686,none,0
3687,none,0
3688,none,0
3689,none,0
3690,none,0
3691,none,0
3692,none,0
3693,none,0
3694,none,0
3695,none,0
3696,none,0
3697,none,0
3698,none,0
3699,none,0
3700,none,0
3701,none,0
3702,none,0
3703,none,0
3704,none,0
3705,none,0
3706,none,0
3707,none,0
3708,none,0
3709,none,0
3710,none,0
3711,none,0
3712,none,0
3713,none,0
3714,none,0
3715,none,0
3716,none,0
3717,none,0
3718,none,0
3719,none,0
3720,none,0
3721,none,0
3722,none,0
3723,none,0
3724,none,0
3725,none,0
3726,none,0
3727,none,0
3728,none,0
3729,none,0
3730,none,0
3731,none,0
3732,none,0
3733,none,0
3734,none,0
3735,none,0
3736,none,0
3737,none,0
3738,none,0
3739,none,0
3740,none,0
3741,none,0
3742,none,0
3743,none,0
3744,none,0
3745,none,0
3746,none,0
3747,none,0
3748,none,0
3749,none,0
3750,none,0
3751,none,0
3752,none,0
3753,none,0
3754,none,0
3755,none,0
3756,none,0
3757,none,0
3758,none,0
3759,none,0
3760,none,0
3761,none,0
3762,none,0
3763,none,0
3764,none,0
3765,none,0
3766,none,0
3767,none,0
3768,none,0
3769,none,0
3770,none,0
3771,none,0
3772,none,0
3773,none,0
3774,none,0
3775,none,0
3776,none,0
3777,none,0
3778,none,0
3779,none,0
3780,none,0
3781,none,0
3782,none,0
3783,none,0
3784,none,0
3785,none,0
3786,none,0
3787,none,0
3788,none,0
3789,none,0
3790,none,0
3791,none,0
3792,none,0
3793,none,0
3794,none,0
3795,none,0
3796,none,0
3797,none,0
3798,none,0
3799,none,0
3800,none,0
3801,none,0
3802,none,0
3803,none,0
3804,none,0
3805,none,0
3806,none,0
3807,none,0
3808,none,0
3809,none,0
3810,none,0
3811,none,0
3812,none,0
3813,none,0
3814,none,0
3815,none,0
3816,none,0
3817,none,0
3818,none,0
3819,none,0
3820,none,0
3821,none,0
3822,none,0
3823,none,0
3824,none,0
3825,none,0
3826,none,0
3827,none,0
3828,none,0
3829,none,0
3830,none,0
3831,none,0
3832,none,0
3833,none,0
3834,none,0
3835,none,0
3836,none,0
3837,none,0
3838,none,0
3839,none,0
3840,none,0
3841,none,0
3842,none,0
3843,none,0
3844,none,0
3845,none,0
3846,none,0
3847,none,0
3848,none,0
3849,none,0
3850,none,0
3851,none,0
3852,none,0
3853,none,0
3854,none,0
3855,none,0
3856,none,0
3857,none,0
3858,none,0
3859,none,0
3860,none,0
3861,none,0
3862,none,0
3863,none,0
3864,none,0
3865,none,0
3866,none,0
3867,none,0
3868,none,0
3869,none,0
3870,none,0
3871,none,0
3872,none,0
3873,none,0
3874,none,0
3875,silent_failure,1
3876,none,0
3877,none,0
3878,none,0
3879,none,0
3880,none,0
3881,none,0
3882,none,0
3883,none,0
3884,none,0
3885,none,0
3886,none,0
3887,none,0
3888,none,0
3889,none,0
3890,none,0
3891,none,0
3892,none,0
3893,none,0
3894,silent_failure,1
3895,none,0
3896,none,0
3897,none,0
3898,none,0
3899,none,0
3900,none,0
3901,silent_failure,1
3902,none,0
3903,none,0
3904,none,0
3905,none,0
3906,none,0
3907,none,0
3908,none,0
3909,none,0
3910,none,0
3911,none,0
3912,none,0
3913,none,0
3914,none,0
3915,none,0
3916,none,0
3917,none,0
3918,none,0
3919,none,0
3920,none,0
3921,none,0
3922,none,0
3923,none,0
3924,none,0
3925,none,0
3926,none,0
3927,none,0
3928,none,0
3929,none,0
3930,none,0
3931,none,0
3932,none,0
3933,none,0
3934,none,0
3935,none,0
3936,none,0
3937,none,0
3938,none,0
3939,none,0
3940,none,0
3941,none,0
3942,none,0
3943,none,0
3944,none,0
3945,none,0
3946,none,0
3947,none,0
3948,none,0
3949,none,0
3950,none,0
3951,none,0
3952,none,0
3953,none,0
3954,none,0
3955,none,0
3956,none,0
3957,none,0
3958,none,0
3959,none,0
3960,none,0
3961,none,0
3962,none,0
3963,none,0
3964,none,0
3965,none,0
3966,none,0
3967,none,0
3968,none,0
3969,none,0
3970,none,0
3971,none,0
3972,none,0
3973,none,0
3974,none,0
3975,none,0
3976,none,0
3977,none,0
3978,none,0
3979,none,0
3980,none,0
3981,none,0
3982,none,0
3983,none,0
3984,none,0
3985,none,0
3986,none,0
3987,none,0
3988,none,0
3989,none,0
3990,none,0
3991,none,0
3992,none,0
3993,sensor_glitch,1
3994,none,0
3995,none,0
3996,none,0
3997,none,0
3998,none,0
3999,silent_failure,1
4000,none,0
4001,none,0
4002,none,0
4003,none,0
4004,none,0
4005,none,0
4006,none,0
4007,none,0
4008,none,0
4009,none,0
4010,none,0
4011,none,0
4012,none,0
4013,none,0
4014,none,0
4015,none,0
4016,none,0
4017,none,0
4018,none,0
4019,none,0
4020,none,0
4021,none,0
4022,none,0
4023,none,0
4024,none,0
4025,none,0
4026,none,0
4027,silent_failure,1
4028,none,0
4029,none,0
4030,none,0
4031,none,0
4032,none,0
4033,none,0
4034,none,0
4035,none,0
4036,none,0
4037,none,0
4038,none,0
4039,none,0
4040,none,0
4041,silent_failure,1
4042,none,0
4043,none,0
4044,none,0
4045,none,0
4046,none,0
4047,none,0
4048,none,0
4049,none,0
4050,none,0
4051,none,0
4052,none,0
4053,none,0
4054,silent_failure,1
4055,none,0
4056,none,0
4057,none,0
4058,none,0
4059,none,0
4060,none,0
4061,none,0
4062,none,0
4063,none,0
4064,none,0
4065,none,0
4066,none,0
4067,silent_failure,1
4068,none,0
4069,none,0
4070,none,0
4071,none,0
4072,none,0
4073,none,0
4074,none,0
4075,none,0
4076,none,0
4077,none,0
4078,none,0
4079,none,0
4080,none,0
4081,none,0
4082,none,0
4083,none,0
4084,none,0
4085,none,0
4086,none,0
4087,none,0
4088,none,0
4089,none,0
4090,none,0
4091,none,0
4092,none,0
4093,none,0
4094,none,0
4095,none,0
4096,none,0
4097,none,0
4098,none,0
4099,none,0
4100,none,0
4101,none,0
4102,none,0
4103,none,0
4104,none,0
4105,none,0
4106,none,0
4107,none,0
4108,none,0
4109,none,0
4110,none,0
4111,none,0
4112,none,0
4113,none,0
4114,none,0
4115,none,0
4116,none,0
4117,none,0
4118,none,0
4119,none,0
4120,none,0
4121,none,0
4122,none,0
4123,none,0
4124,none,0
4125,none,0
4126,none,0
4127,none,0
4128,none,0
4129,none,0
4130,none,0
4131,none,0
4132,none,0
4133,none,0
4134,none,0
4135,none,0
4136,none,0
4137,none,0
4138,none,0
4139,none,0
4140,none,0
4141,none,0
4142,silent_failure,1
4143,none,0
4144,none,0
4145,none,0
4146,none,0
4147,none,0
4148,none,0
4149,none,0
4150,none,0
4151,none,0
4152,none,0
4153,none,0
4154,none,0
4155,none,0
4156,none,0
4157,none,0
4158,none,0
4159,none,0
4160,silent_failure,1
4161,none,0
4162,none,0
4163,none,0
4164,none,0
4165,none,0
4166,none,0
4167,none,0
4168,none,0
4169,none,0
4170,none,0
4171,none,0
4172,none,0
4173,none,0
4174,none,0
4175,none,0
4176,none,0
4177,none,0
4178,none,0
4179,none,0
4180,none,0
4181,none,0
4182,none,0
4183,none,0
4184,none,0
4185,none,0
4186,none,0
4187,none,0
4188,none,0
4189,none,0
4190,none,0
4191,silent_failure,1
4192,none,0
4193,none,0
4194,none,0
4195,none,0
4196,none,0
4197,none,0
4198,none,0
4199,none,0
4200,none,0
4201,none,0
4202,none,0
4203,none,0
4204,none,0
4205,none,0
4206,none,0
4207,none,0
4208,none,0
4209,none,0
4210,none,0
4211,none,0
4212,none,0
4213,none,0
4214,none,0
4215,none,0
4216,none,0
4217,none,0
4218,none,0
4219,none,0
4220,none,0
4221,none,0
4222,none,0
4223,none,0
4224,none,0
4225,none,0
4226,none,0
4227,none,0
4228,none,0
4229,none,0
4230,none,0
4231,none,0
4232,none,0
4233,none,0
4234,none,0
4235,none,0
4236,none,0
4237,none,0
4238,none,0
4239,none,0
4240,none,0
4241,none,0
4242,none,0
4243,none,0
4244,none,0
4245,none,0
4246,none,0
4247,none,0
4248,silent_failure,1
4249,silent_failure,1
4250,none,0
4251,none,0
4252,none,0
4253,none,0
4254,none,0
4255,none,0
4256,none,0
4257,none,0
4258,none,0
4259,none,0
4260,none,0
4261,none,0
4262,none,0
4263,none,0
4264,none,0
4265,none,0
4266,none,0
4267,none,0
4268,none,0
4269,silent_failure,1
4270,none,0
4271,none,0
4272,none,0
4273,none,0
4274,none,0
4275,none,0
4276,none,0
4277,none,0
4278,none,0
4279,none,0
4280,none,0
4281,none,0
4282,none,0
4283,none,0
4284,none,0
4285,none,0
4286,none,0
4287,none,0
4288,none,0
4289,none,0
4290,none,0
4291,none,0
4292,none,0
4293,none,0
4294,none,0
4295,none,0
4296,silent_failure,1
4297,none,0
4298,none,0
4299,none,0
4300,none,0
4301,none,0
4302,none,0
4303,none,0
4304,none,0
4305,none,0
4306,none,0
4307,none,0
4308,none,0
4309,none,0
4310,none,0
4311,none,0
4312,none,0
4313,none,0
4314,none,0
4315,silent_failure,1
4316,none,0
4317,none,0
4318,none,0
4319,none,0
4320,none,0
4321,none,0
4322,none,0
4323,none,0
4324,none,0
4325,none,0
4326,none,0
4327,none,0
4328,none,0
4329,none,0
4330,none,0
4331,none,0
4332,none,0
4333,none,0
4334,none,0
4335,none,0
4336,none,0
4337,none,0
4338,none,0
4339,none,0
4340,none,0
4341,none,0
4342,none,0
4343,none,0
4344,none,0
4345,silent_failure,1
4346,none,0
4347,none,0
4348,silent_failure,1
4349,none,0
4350,none,0
4351,none,0
4352,none,0
4353,none,0
4354,none,0
4355,none,0
4356,none,0
4357,none,0
4358,none,0
4359,none,0
4360,none,0
4361,none,0
4362,none,0
4363,silent_failure,1
4364,none,0
4365,none,0
4366,none,0
4367,none,0
4368,none,0
4369,none,0
4370,none,0
4371,none,0
4372,none,0
4373,none,0
4374,none,0
4375,none,0
4376,none,0
4377,none,0
4378,none,0
4379,none,0
4380,none,0
4381,none,0
4382,none,0
4383,none,0
4384,none,0
4385,none,0
4386,none,0
4387,none,0
4388,none,0
4389,none,0
4390,none,0
4391,none,0
4392,none,0
4393,none,0
4394,none,0
4395,none,0
4396,none,0
4397,none,0
4398,none,0
4399,none,0
4400,none,0
4401,none,0
4402,none,0
4403,none,0
4404,none,0
4405,none,0
4406,none,0
4407,none,0
4408,none,0
4409,none,0
4410,none,0
4411,none,0
4412,none,0
4413,none,0
4414,none,0
4415,none,0
4416,none,0
4417,none,0
4418,none,0
4419,none,0
4420,none,0
4421,none,0
4422,none,0
4423,none,0
4424,none,0
4425,sensor_glitch,1
4426,none,0
4427,none,0
4428,none,0
4429,none,0
4430,none,0
4431,none,0
4432,none,0
4433,none,0
4434,none,0
4435,silent_failure,1
4436,none,0
4437,none,0
4438,none,0
4439,none,0
4440,none,0
4441,none,0
4442,none,0
4443,none,0
4444,none,0
4445,none,0
4446,none,0
4447,none,0
4448,none,0
4449,none,0
4450,none,0
4451,none,0
4452,none,0
4453,none,0
4454,none,0
4455,none,0
4456,none,0
4457,none,0
4458,none,0
4459,none,0
4460,none,0
4461,none,0
4462,none,0
4463,none,0
4464,none,0
4465,none,0
4466,none,0
4467,none,0
4468,none,0
4469,none,0
4470,none,0
4471,none,0
4472,none,0
4473,none,0
4474,none,0
4475,none,0
4476,none,0
4477,none,0
4478,none,0
4479,none,0
4480,none,0
4481,none,0
4482,none,0
4483,none,0
4484,none,0
4485,none,0
4486,none,0
4487,none,0
4488,none,0
4489,none,0
4490,none,0
4491,none,0
4492,none,0
4493,none,0
4494,none,0
4495,none,0
4496,none,0
4497,none,0
4498,none,0
4499,none,0
4500,none,0
4501,none,0
4502,none,0
4503,none,0
4504,sensor_glitch,1
4505,none,0
4506,none,0
4507,none,0
4508,none,0
4509,none,0
4510,none,0
4511,none,0
4512,none,0
4513,none,0
4514,none,0
4515,none,0
4516,none,0
4517,none,0
4518,none,0
4519,none,0
4520,none,0
4521,none,0
4522,none,0
4523,none,0
4524,none,0
4525,none,0
4526,none,0
4527,none,0
4528,none,0
4529,silent_failure,1
4530,none,0
4531,none,0
4532,none,0
4533,none,0
4534,none,0
4535,none,0
4536,none,0
4537,none,0
4538,none,0
4539,none,0
4540,none,0
4541,none,0
4542,none,0
4543,none,0
4544,none,0
4545,none,0
4546,none,0
4547,none,0
4548,none,0
4549,none,0
4550,none,0
4551,none,0
4552,silent_failure,1
4553,none,0
4554,none,0
4555,none,0
4556,none,0
4557,none,0
4558,none,0
4559,none,0
4560,none,0
4561,none,0
4562,none,0
4563,none,0
4564,none,0
4565,none,0
4566,none,0
4567,none,0
4568,none,0
4569,none,0
4570,none,0
4571,none,0
4572,none,0
4573,none,0
4574,none,0
4575,none,0
4576,none,0
4577,none,0
4578,none,0
4579,none,0
4580,none,0
4581,none,0
4582,none,0
4583,none,0
4584,none,0
4585,none,0
4586,none,0
4587,none,0
4588,none,0
4589,none,0
4590,none,0
4591,none,0
4592,none,0
4593,none,0
4594,none,0
4595,none,0
4596,none,0
4597,none,0
4598,none,0
4599,none,0
4600,none,0
4601,none,0
4602,none,0
4603,none,0
4604,silent_failure,1
4605,none,0
4606,none,0
4607,none,0
4608,none,0
4609,none,0
4610,none,0
4611,none,0
4612,none,0
4613,none,0
4614,none,0
4615,none,0
4616,none,0
4617,none,0
4618,none,0
4619,none,0
4620,none,0
4621,none,0
4622,none,0
4623,none,0
4624,none,0
4625,none,0
4626,none,0
4627,none,0
4628,none,0
4629,none,0
4630,silent_failure,1
4631,none,0
4632,none,0
4633,none,0
4634,none,0
4635,none,0
4636,none,0
4637,none,0
4638,none,0
4639,none,0
4640,none,0
4641,none,0
4642,none,0
4643,none,0
4644,none,0
4645,none,0
4646,none,0
4647,none,0
4648,none,0
4649,none,0
4650,none,0
4651,none,0
4652,none,0
4653,none,0
4654,none,0
4655,none,0
4656,none,0
4657,none,0
4658,none,0
4659,none,0
4660,none,0
4661,none,0
4662,none,0
4663,none,0
4664,none,0
4665,none,0
4666,none,0
4667,none,0
4668,none,0
4669,none,0
4670,none,0
4671,none,0
4672,none,0
4673,none,0
4674,none,0
4675,none,0
4676,none,0
4677,none,0
4678,none,0
4679,none,0
4680,silent_failure,1
4681,none,0
4682,none,0
4683,none,0
4684,none,0
4685,none,0
4686,none,0
4687,none,0
4688,none,0
4689,none,0
4690,none,0
4691,none,0
4692,none,0
4693,none,0
4694,none,0
4695,none,0
4696,none,0
4697,none,0
4698,none,0
4699,none,0
4700,none,0
4701,none,0
4702,none,0
4703,none,0
4704,none,0
4705,none,0
4706,none,0
4707,none,0
4708,silent_failure,1
4709,none,0
4710,none,0
4711,none,0
4712,none,0
4713,none,0
4714,silent_failure,1
4715,none,0
4716,none,0
4717,none,0
4718,none,0
4719,none,0
4720,none,0
4721,none,0
4722,none,0
4723,none,0
4724,none,0
4725,none,0
4726,none,0
4727,none,0
4728,none,0
4729,none,0
4730,none,0
4731,none,0
4732,none,0
4733,silent_failure,1
4734,none,0
4735,none,0
4736,none,0
4737,none,0
4738,none,0
4739,none,0
4740,none,0
4741,none,0
4742,none,0
4743,none,0
4744,none,0
4745,none,0
4746,silent_failure,1
4747,none,0
4748,none,0
4749,none,0
4750,none,0
4751,none,0
4752,none,0
4753,none,0
4754,none,0
4755,none,0
4756,none,0
4757,none,0
4758,none,0
4759,none,0
4760,none,0
4761,none,0
4762,none,0
4763,none,0
4764,none,0
4765,none,0
4766,none,0
4767,none,0
4768,none,0
4769,none,0
4770,none,0
4771,none,0
4772,none,0
4773,none,0
4774,none,0
4775,none,0
4776,none,0
4777,none,0
4778,none,0
4779,none,0
4780,silent_failure,1
4781,none,0
4782,none,0
4783,none,0
4784,none,0
4785,none,0
4786,none,0
4787,none,0
4788,none,0
4789,none,0
4790,none,0
4791,none,0
4792,none,0
4793,none,0
4794,none,0
4795,none,0
4796,none,0
4797,none,0
4798,sensor_glitch,1
4799,none,0
4800,none,0
4801,none,0
4802,none,0
4803,none,0
4804,none,0
4805,none,0
4806,silent_failure,1
4807,none,0
4808,none,0
4809,none,0
4810,none,0
4811,none,0
4812,none,0
4813,none,0
4814,none,0
4815,none,0
4816,none,0
4817,none,0
4818,none,0
4819,none,0
4820,none,0
4821,none,0
4822,none,0
4823,none,0
4824,none,0
4825,silent_failure,1
4826,none,0
4827,none,0
4828,none,0
4829,none,0
4830,none,0
4831,none,0
4832,silent_failure,1
4833,none,0
4834,none,0
4835,none,0
4836,none,0
4837,none,0
4838,none,0
4839,none,0
4840,none,0
4841,none,0
4842,none,0
4843,none,0
4844,none,0
4845,none,0
4846,none,0
4847,none,0
4848,none,0
4849,none,0
4850,none,0
4851,none,0
4852,none,0
4853,none,0
4854,none,0
4855,none,0
4856,none,0
4857,none,0
4858,none,0
4859,none,0
4860,none,0
4861,none,0
4862,none,0
4863,none,0
4864,none,0
4865,none,0
4866,none,0
4867,none,0
4868,none,0
4869,none,0
4870,sensor_glitch,1
4871,none,0
4872,none,0
4873,none,0
4874,none,0
4875,none,0
4876,none,0
4877,none,0
4878,none,0
4879,none,0
4880,none,0
4881,none,0
4882,none,0
4883,none,0
4884,none,0
4885,none,0
4886,none,0
4887,none,0
4888,none,0
4889,silent_failure,1
4890,none,0
4891,none,0
4892,none,0
4893,none,0
4894,none,0
4895,none,0
4896,sensor_glitch,1
4897,none,0
4898,none,0
4899,none,0
4900,none,0
4901,none,0
4902,none,0
4903,none,0
4904,none,0
4905,silent_failure,1
4906,none,0
4907,none,0
4908,none,0
4909,none,0
4910,none,0
4911,none,0
4912,none,0
4913,none,0
4914,none,0
4915,none,0
4916,none,0
4917,none,0
4918,none,0
4919,none,0
4920,none,0
4921,none,0
4922,none,0
4923,none,0
4924,none,0
4925,none,0
4926,none,0
4927,none,0
4928,none,0
4929,sensor_glitch,1
4930,none,0
4931,none,0
4932,none,0
4933,silent_failure,1
4934,none,0
4935,none,0
4936,none,0
4937,none,0
4938,none,0
4939,none,0
4940,none,0
4941,none,0
4942,none,0
4943,none,0
4944,none,0
4945,none,0
4946,none,0
4947,none,0
4948,none,0
4949,none,0
4950,none,0
4951,none,0
4952,none,0
4953,none,0
4954,none,0
4955,none,0
4956,none,0
4957,none,0
4958,none,0
4959,none,0
4960,none,0
4961,sensor_glitch,1
4962,none,0
4963,none,0
4964,none,0
4965,none,0
4966,none,0
4967,none,0
4968,none,0
4969,none,0
4970,none,0
4971,none,0
4972,none,0
4973,none,0
4974,none,0
4975,none,0
4976,none,0
4977,none,0
4978,none,0
4979,none,0
4980,none,0
4981,none,0
4982,none,0
4983,none,0
4984,none,0
4985,none,0
4986,none,0
4987,none,0
4988,none,0
4989,none,0
4990,none,0
4991,none,0
4992,none,0
4993,none,0
4994,none,0
4995,none,0
4996,none,0
4997,none,0
4998,none,0
4999,none,0
5000,none,0
5001,none,0
5002,none,0
5003,none,0
5004,none,0
5005,none,0
5006,none,0
5007,none,0
5008,none,0
5009,none,0
5010,none,0
5011,none,0
5012,none,0
5013,none,0
5014,none,0
5015,none,0
5016,none,0
5017,none,0
5018,none,0
5019,none,0
5020,none,0
5021,none,0
5022,none,0
5023,none,0
5024,none,0
5025,none,0
5026,none,0
5027,none,0
5028,none,0
5029,none,0
5030,none,0
5031,none,0
5032,none,0
5033,none,0
5034,none,0
5035,none,0
5036,none,0
5037,none,0
5038,none,0
5039,none,0
5040,none,0
5041,none,0
5042,none,0
5043,none,0
5044,none,0
5045,none,0
5046,none,0
5047,none,0
5048,none,0
5049,none,0
5050,none,0
5051,none,0
5052,none,0
5053,none,0
5054,none,0
5055,none,0
5056,none,0
5057,none,0
5058,none,0
5059,none,0
5060,none,0
5061,none,0
5062,none,0
5063,none,0
5064,none,0
5065,none,0
5066,none,0
5067,none,0
5068,none,0
5069,none,0
5070,none,0
5071,none,0
5072,none,0
5073,none,0
5074,none,0
5075,none,0
5076,none,0
5077,none,0
5078,none,0
5079,none,0
5080,none,0
5081,none,0
5082,none,0
5083,none,0
5084,none,0
5085,none,0
5086,none,0
5087,none,0
5088,none,0
5089,none,0
5090,none,0
5091,none,0
5092,none,0
5093,none,0
5094,none,0
5095,none,0
5096,none,0
5097,none,0
5098,none,0
5099,none,0
5100,none,0
5101,none,0
5102,none,0
5103,none,0
5104,none,0
5105,none,0
5106,none,0
5107,none,0
5108,none,0
5109,none,0
5110,none,0
5111,none,0
5112,none,0
5113,none,0
5114,none,0
5115,none,0
5116,none,0
5117,none,0
5118,none,0
5119,none,0
5120,none,0
5121,none,0
5122,none,0
5123,none,0
5124,none,0
5125,none,0
5126,none,0
5127,none,0
5128,none,0
5129,none,0
5130,none,0
5131,none,0
5132,none,0
5133,none,0
5134,none,0
5135,none,0
5136,none,0
5137,none,0
5138,none,0
5139,none,0
5140,none,0
5141,none,0
5142,none,0
5143,none,0
5144,none,0
5145,none,0
5146,none,0
5147,none,0
5148,none,0
5149,none,0
5150,none,0
5151,none,0
5152,none,0
5153,none,0
5154,none,0
5155,none,0
5156,none,0
5157,none,0
5158,none,0
5159,none,0
5160,none,0
5161,none,0
5162,none,0
5163,none,0
5164,none,0
5165,none,0
5166,none,0
5167,none,0
5168,none,0
5169,none,0
5170,none,0
5171,none,0
5172,none,0
5173,none,0
5174,none,0
5175,none,0
5176,none,0
5177,none,0
5178,none,0
5179,none,0
5180,none,0
5181,none,0
5182,none,0
5183,none,0
5184,none,0
5185,none,0
5186,none,0
5187,none,0
5188,none,0
5189,none,0
5190,none,0
5191,none,0
5192,none,0
5193,none,0
5194,none,0
5195,none,0
5196,none,0
5197,none,0
5198,none,0
5199,none,0
5200,none,0
5201,none,0
5202,none,0
5203,none,0
5204,none,0
5205,none,0
5206,none,0
5207,none,0
5208,none,0
5209,none,0
5210,none,0
5211,none,0
5212,none,0
5213,none,0
5214,none,0
5215,none,0
5216,none,0
5217,none,0
5218,none,0
5219,none,0
5220,none,0
5221,none,0
5222,none,0
5223,none,0
5224,none,0
5225,none,0
5226,none,0
5227,none,0
5228,none,0
5229,none,0
5230,none,0
5231,none,0
5232,none,0
5233,none,0
5234,none,0
5235,none,0
5236,none,0
5237,none,0
5238,none,0
5239,none,0
5240,none,0
5241,none,0
5242,none,0
5243,none,0
5244,none,0
5245,none,0
5246,none,0
5247,none,0
5248,none,0
5249,none,0
5250,none,0
5251,none,0
5252,none,0
5253,none,0
5254,none,0
5255,none,0
5256,none,0
5257,none,0
5258,none,0
5259,none,0
5260,none,0
5261,none,0
5262,none,0
5263,none,0
5264,none,0
5265,none,0
5266,none,0
5267,none,0
5268,none,0
5269,none,0
5270,none,0
5271,none,0
5272,none,0
5273,none,0
5274,none,0
5275,none,0
5276,none,0
5277,none,0
5278,none,0
5279,none,0
5280,none,0
5281,none,0
5282,none,0
5283,none,0
5284,none,0
5285,none,0
5286,none,0
5287,none,0
5288,none,0
5289,none,0
5290,none,0
5291,none,0
5292,none,0
5293,none,0
5294,none,0
5295,none,0
5296,none,0
5297,none,0
5298,none,0
5299,none,0
5300,none,0
5301,none,0
5302,none,0
5303,none,0
5304,none,0
5305,none,0
5306,none,0
5307,none,0
5308,none,0
5309,none,0
5310,none,0
5311,none,0
5312,none,0
5313,none,0
5314,none,0
5315,none,0
5316,none,0
5317,none,0
5318,none,0
5319,none,0
5320,none,0
5321,none,0
5322,none,0
5323,none,0
5324,none,0
5325,none,0
5326,none,0
5327,none,0
5328,none,0
5329,none,0
5330,none,0
5331,none,0
5332,none,0
5333,none,0
5334,none,0
5335,none,0
5336,none,0
5337,none,0
5338,none,0
5339,none,0
5340,none,0
5341,none,0
5342,none,0
5343,none,0
5344,none,0
5345,none,0
5346,none,0
5347,none,0
5348,none,0
5349,none,0
5350,none,0
5351,none,0
5352,none,0
5353,none,0
5354,none,0
5355,none,0
5356,none,0
5357,none,0
5358,none,0
5359,none,0
5360,none,0
5361,none,0
5362,none,0
5363,none,0
5364,none,0
5365,none,0
5366,none,0
5367,none,0
5368,none,0
5369,none,0
5370,none,0
5371,none,0
5372,none,0
5373,none,0
5374,none,0
5375,none,0
5376,none,0
5377,none,0
5378,none,0
5379,none,0
5380,none,0
5381,none,0
5382,none,0
5383,none,0
5384,none,0
5385,none,0
5386,none,0
5387,none,0
5388,none,0
5389,none,0
5390,none,0
5391,none,0
5392,none,0
5393,none,0
5394,none,0
5395,none,0
5396,none,0
5397,none,0
5398,none,0
5399,none,0
5400,none,0
5401,none,0
5402,none,0
5403,none,0
5404,none,0
5405,none,0
5406,none,0
5407,none,0
5408,none,0
5409,none,0
5410,none,0
5411,none,0
5412,none,0
5413,none,0
5414,none,0
5415,none,0
5416,none,0
5417,none,0
5418,none,0
5419,none,0
5420,none,0
5421,none,0
5422,none,0
5423,none,0
5424,none,0
5425,none,0
5426,none,0
5427,none,0
5428,none,0
5429,none,0
5430,none,0
5431,none,0
5432,none,0
5433,none,0
5434,none,0
5435,none,0
5436,none,0
5437,none,0
5438,none,0
5439,none,0
5440,none,0
5441,none,0
5442,none,0
5443,none,0
5444,none,0
5445,none,0
5446,none,0
5447,none,0
5448,none,0
5449,none,0
5450,none,0
5451,none,0
5452,none,0
5453,none,0
5454,none,0
5455,none,0
5456,none,0
5457,none,0
5458,none,0
5459,none,0
5460,none,0
5461,none,0
5462,none,0
5463,none,0
5464,none,0
5465,none,0
5466,none,0
5467,none,0
5468,none,0
5469,none,0
5470,none,0
5471,none,0
5472,none,0
5473,none,0
5474,none,0
5475,none,0
5476,none,0
5477,none,0
5478,none,0
5479,none,0
5480,none,0
5481,none,0
5482,none,0
5483,none,0
5484,none,0
5485,none,0
5486,none,0
5487,none,0
5488,none,0
5489,none,0
5490,none,0
5491,none,0
5492,none,0
5493,none,0
5494,none,0
5495,none,0
5496,none,0
5497,none,0
5498,none,0
5499,none,0
5500,none,0
5501,none,0
5502,none,0
5503,none,0
5504,none,0
5505,none,0
5506,none,0
5507,none,0
5508,none,0
5509,none,0
5510,none,0
5511,none,0
5512,none,0
5513,none,0
5514,none,0
5515,none,0
5516,none,0
5517,none,0
5518,none,0
5519,none,0
5520,none,0
5521,none,0
5522,none,0
5523,none,0
5524,none,0
5525,none,0
5526,none,0
5527,none,0
5528,none,0
5529,none,0
5530,none,0
5531,none,0
5532,none,0
5533,none,0
5534,none,0
5535,none,0
5536,none,0
5537,none,0
5538,none,0
5539,none,0
5540,none,0
5541,none,0
5542,none,0
5543,none,0
5544,none,0
5545,none,0
5546,none,0
5547,none,0
5548,none,0
5549,none,0
5550,none,0
5551,none,0
5552,none,0
5553,none,0
5554,none,0
5555,none,0
5556,none,0
5557,none,0
5558,none,0
5559,none,0
5560,none,0
5561,none,0
5562,none,0
5563,none,0
5564,none,0
5565,none,0
5566,none,0
5567,none,0
5568,none,0
5569,none,0
5570,none,0
5571,none,0
5572,none,0
5573,none,0
5574,none,0
5575,none,0
5576,none,0
5577,none,0
5578,none,0
5579,none,0
5580,none,0
5581,none,0
5582,none,0
5583,none,0
5584,none,0
5585,none,0
5586,none,0
5587,none,0
5588,none,0
5589,none,0
5590,none,0
5591,none,0
5592,none,0
5593,none,0
5594,none,0
5595,none,0
5596,none,0
5597,none,0
5598,none,0
5599,none,0
5600,none,0
5601,none,0
5602,none,0
5603,none,0
5604,none,0
5605,none,0
5606,none,0
5607,none,0
5608,none,0
5609,none,0
5610,none,0
5611,none,0
5612,none,0
5613,none,0
5614,none,0
5615,none,0
5616,none,0
5617,none,0
5618,none,0
5619,none,0
5620,none,0
5621,none,0
5622,none,0
5623,none,0
5624,none,0
5625,none,0
5626,none,0
5627,none,0
5628,none,0
5629,none,0
5630,none,0
5631,none,0
5632,none,0
5633,none,0
5634,none,0
5635,none,0
5636,none,0
5637,none,0
5638,none,0
5639,none,0
5640,none,0
5641,none,0
5642,none,0
5643,none,0
5644,none,0
5645,none,0
5646,none,0
5647,none,0
5648,none,0
5649,none,0
5650,none,0
5651,none,0
5652,none,0
5653,none,0
5654,none,0
5655,none,0
5656,none,0
5657,none,0
5658,none,0
5659,none,0
5660,none,0
5661,none,0
5662,none,0
5663,none,0
5664,none,0
5665,none,0
5666,none,0
5667,none,0
5668,none,0
5669,none,0
5670,none,0
5671,none,0
5672,none,0
5673,none,0
5674,none,0
5675,none,0
5676,none,0
5677,none,0
5678,none,0
5679,none,0
5680,none,0
5681,none,0
5682,none,0
5683,none,0
5684,none,0
5685,none,0
5686,none,0
5687,none,0
5688,none,0
5689,none,0
5690,none,0
5691,none,0
5692,none,0
5693,none,0
5694,none,0
5695,none,0
5696,none,0
5697,none,0
5698,none,0
5699,none,0
5700,none,0
5701,none,0
5702,none,0
5703,none,0
5704,none,0
5705,none,0
5706,none,0
5707,none,0
5708,none,0
5709,none,0
5710,none,0
5711,none,0
5712,none,0
5713,none,0
5714,none,0
5715,none,0
5716,none,0
5717,none,0
5718,none,0
5719,none,0
5720,none,0
5721,none,0
5722,none,0
5723,none,0
5724,none,0
5725,none,0
5726,none,0
5727,none,0
5728,none,0
5729,none,0
5730,none,0
5731,none,0
5732,none,0
5733,none,0
5734,none,0
5735,none,0
5736,none,0
5737,none,0
5738,none,0
5739,none,0
5740,none,0
5741,none,0
5742,none,0
5743,none,0
5744,none,0
5745,none,0
5746,none,0
5747,none,0
5748,none,0
5749,none,0
5750,none,0
5751,none,0
5752,none,0
5753,none,0
5754,none,0
5755,none,0
5756,none,0
5757,none,0
5758,none,0
5759,none,0
5760,none,0
5761,none,0
5762,none,0
5763,none,0
5764,none,0
5765,none,0
5766,none,0
5767,none,0
5768,none,0
5769,none,0
5770,none,0
5771,none,0
5772,none,0
5773,none,0
5774,none,0
5775,none,0
5776,none,0
5777,none,0
5778,none,0
5779,none,0
5780,none,0
5781,none,0
5782,none,0
5783,none,0
5784,none,0
5785,none,0
5786,none,0
5787,none,0
5788,none,0
5789,none,0
5790,none,0
5791,none,0
5792,none,0
5793,none,0
5794,none,0
5795,none,0
5796,none,0
5797,none,0
5798,none,0
5799,none,0
5800,none,0
5801,none,0
5802,none,0
5803,none,0
5804,none,0
5805,none,0
5806,none,0
5807,none,0
5808,none,0
5809,none,0
5810,none,0
5811,none,0
5812,none,0
5813,none,0
5814,none,0
5815,none,0
5816,none,0
5817,none,0
5818,none,0
5819,none,0
5820,none,0
5821,none,0
5822,none,0
5823,none,0
5824,none,0
5825,none,0
5826,none,0
5827,none,0
5828,none,0
5829,none,0
5830,none,0
5831,none,0
5832,none,0
5833,none,0
5834,none,0
5835,none,0
5836,none,0
5837,none,0
5838,none,0
5839,none,0
5840,none,0
5841,none,0
5842,none,0
5843,none,0
5844,none,0
5845,none,0
5846,none,0
5847,none,0
5848,none,0
5849,none,0
5850,none,0
5851,none,0
5852,none,0
5853,none,0
5854,none,0
5855,none,0
5856,none,0
5857,none,0
5858,none,0
5859,none,0
5860,none,0
5861,none,0
5862,none,0
5863,none,0
5864,none,0
5865,none,0
5866,none,0
5867,none,0
5868,none,0
5869,none,0
5870,none,0
5871,none,0
5872,none,0
5873,none,0
5874,none,0
5875,none,0
5876,none,0
5877,none,0
5878,none,0
5879,none,0
5880,none,0
5881,none,0
5882,none,0
5883,none,0
5884,none,0
5885,none,0
5886,none,0
5887,none,0
5888,none,0
5889,none,0
5890,none,0
5891,none,0
5892,none,0
5893,none,0
5894,none,0
5895,none,0
5896,none,0
5897,none,0
5898,none,0
5899,none,0
5900,none,0
5901,none,0
5902,none,0
5903,none,0
5904,none,0
5905,none,0
5906,none,0
5907,none,0
5908,none,0
5909,none,0
5910,none,0
5911,none,0
5912,none,0
5913,none,0
5914,none,0
5915,none,0
5916,none,0
5917,none,0
5918,none,0
5919,none,0
5920,none,0
5921,none,0
5922,none,0
5923,none,0
5924,none,0
5925,none,0
5926,none,0
5927,none,0
5928,none,0
5929,none,0
5930,none,0
5931,none,0
5932,none,0
5933,none,0
5934,none,0
5935,none,0
5936,none,0
5937,none,0
5938,none,0
5939,none,0
5940,none,0
5941,none,0
5942,none,0
5943,none,0
5944,none,0
5945,none,0
5946,none,0
5947,none,0
5948,none,0
5949,none,0
5950,none,0
5951,none,0
5952,none,0
5953,none,0
5954,none,0
5955,none,0
5956,none,0
5957,none,0
5958,none,0
5959,none,0
5960,none,0
5961,none,0
5962,none,0
5963,none,0
5964,none,0
5965,none,0
5966,none,0
5967,none,0
5968,none,0
5969,none,0
5970,none,0
5971,none,0
5972,none,0
5973,none,0
5974,none,0
5975,none,0
5976,none,0
5977,none,0
5978,none,0
5979,none,0
5980,none,0
5981,none,0
5982,none,0
5983,none,0
5984,none,0
5985,none,0
5986,none,0
5987,none,0
5988,none,0
5989,none,0
5990,none,0
5991,none,0
5992,none,0
5993,none,0
5994,none,0
5995,none,0
5996,none,0
5997,none,0
5998,none,0
5999,none,0
6000,none,0
6001,none,0
6002,none,0
6003,none,0
6004,none,0
6005,none,0
6006,none,0
6007,none,0
6008,none,0
6009,none,0
6010,none,0
6011,none,0
6012,none,0
6013,none,0
6014,none,0
6015,none,0
6016,none,0
6017,none,0
6018,none,0
6019,none,0
6020,none,0
6021,none,0
6022,none,0
6023,none,0
6024,none,0
6025,none,0
6026,none,0
6027,none,0
6028,none,0
6029,none,0
6030,none,0
6031,none,0
6032,none,0
6033,none,0
6034,none,0
6035,none,0
6036,none,0
6037,none,0
6038,none,0
6039,none,0
6040,none,0
6041,none,0
6042,none,0
6043,none,0
6044,none,0
6045,none,0
6046,none,0
6047,none,0
6048,none,0
6049,none,0
6050,none,0
6051,none,0
6052,none,0
6053,none,0
6054,none,0
6055,none,0
6056,none,0
6057,none,0
6058,none,0
6059,none,0
6060,none,0
6061,none,0
6062,none,0
6063,none,0
6064,none,0
6065,none,0
6066,none,0
6067,none,0
6068,none,0
6069,none,0
6070,none,0
6071,none,0
6072,none,0
6073,none,0
6074,none,0
6075,none,0
6076,none,0
6077,none,0
6078,none,0
6079,none,0
6080,none,0
6081,none,0
6082,none,0
6083,none,0
6084,none,0
6085,none,0
6086,none,0
6087,none,0
6088,none,0
6089,none,0
6090,none,0
6091,none,0
6092,none,0
6093,none,0
6094,none,0
6095,none,0
6096,none,0
6097,none,0
6098,none,0
6099,none,0
6100,none,0
6101,none,0
6102,none,0
6103,none,0
6104,none,0
6105,none,0
6106,none,0
6107,none,0
6108,none,0
6109,none,0
6110,none,0
6111,none,0
6112,none,0
6113,none,0
6114,none,0
6115,none,0
6116,none,0
6117,none,0
6118,none,0
6119,none,0
6120,none,0
6121,none,0
6122,none,0
6123,none,0
6124,none,0
6125,none,0
6126,none,0
6127,none,0
6128,none,0
6129,none,0
6130,none,0
6131,none,0
6132,none,0
6133,none,0
6134,none,0
6135,none,0
6136,none,0
6137,none,0
6138,none,0
6139,none,0
6140,none,0
6141,none,0
6142,none,0
6143,none,0
6144,none,0
6145,none,0
6146,none,0
6147,none,0
6148,none,0
6149,none,0
6150,none,0
6151,none,0
6152,none,0
6153,none,0
6154,none,0
6155,none,0
6156,none,0
6157,none,0
6158,none,0
6159,none,0
6160,none,0
6161,none,0
6162,none,0
6163,none,0
6164,none,0
6165,none,0
6166,none,0
6167,none,0
6168,none,0
6169,none,0
6170,none,0
6171,none,0
6172,none,0
6173,none,0
6174,none,0
6175,none,0
6176,none,0
6177,none,0
6178,none,0
6179,none,0
6180,none,0
6181,none,0
6182,none,0
6183,none,0
6184,none,0
6185,none,0
6186,none,0
6187,none,0
6188,none,0
6189,none,0
6190,none,0
6191,none,0
6192,none,0
6193,none,0
6194,none,0
6195,none,0
6196,none,0
6197,none,0
6198,none,0
6199,none,0
6200,none,0
6201,none,0
6202,none,0
6203,none,0
6204,none,0
6205,none,0
6206,none,0
6207,none,0
6208,none,0
6209,none,0
6210,none,0
6211,none,0
6212,none,0
6213,none,0
6214,none,0
6215,none,0
6216,none,0
6217,none,0
6218,none,0
6219,none,0
6220,none,0
6221,none,0
6222,none,0
6223,none,0
6224,none,0
6225,none,0
6226,none,0
6227,none,0
6228,none,0
6229,none,0
6230,none,0
6231,none,0
6232,none,0
6233,none,0
6234,none,0
6235,none,0
6236,none,0
6237,none,0
6238,none,0
6239,none,0
6240,none,0
6241,none,0
6242,none,0
6243,none,0
6244,none,0
6245,none,0
6246,none,0
6247,none,0
6248,none,0
6249,none,0
6250,none,0
6251,none,0
6252,none,0
6253,none,0
6254,none,0
6255,none,0
6256,none,0
6257,none,0
6258,none,0
6259,none,0
6260,none,0
6261,none,0
6262,none,0
6263,none,0
6264,none,0
6265,none,0
6266,none,0
6267,none,0
6268,none,0
6269,none,0
6270,none,0
6271,none,0
6272,none,0
6273,none,0
6274,none,0
6275,none,0
6276,none,0
6277,none,0
6278,none,0
6279,none,0
6280,none,0
6281,none,0
6282,none,0
6283,none,0
6284,none,0
6285,none,0
6286,none,0
6287,none,0
6288,none,0
6289,none,0
6290,none,0
6291,none,0
6292,none,0
6293,none,0
6294,none,0
6295,none,0
6296,none,0
6297,none,0
6298,none,0
6299,none,0
6300,none,0
6301,none,0
6302,none,0
6303,none,0
6304,none,0
6305,none,0
6306,none,0
6307,none,0
6308,none,0
6309,none,0
6310,none,0
6311,none,0
6312,none,0
6313,none,0
6314,none,0
6315,none,0
6316,none,0
6317,none,0
6318,none,0
6319,none,0
6320,none,0
6321,none,0
6322,none,0
6323,none,0
6324,none,0
6325,none,0
6326,none,0
6327,none,0
6328,none,0
6329,none,0
6330,none,0
6331,none,0
6332,none,0
6333,none,0
6334,none,0
6335,none,0
6336,none,0
6337,none,0
6338,none,0
6339,none,0
6340,none,0
6341,none,0
6342,none,0
6343,none,0
6344,none,0
6345,none,0
6346,none,0
6347,none,0
6348,none,0
6349,none,0
6350,none,0
6351,none,0
6352,none,0
6353,none,0
6354,none,0
6355,none,0
6356,none,0
6357,none,0
6358,none,0
6359,none,0
6360,none,0
6361,none,0
6362,none,0
6363,none,0
6364,none,0
6365,none,0
6366,none,0
6367,none,0
6368,none,0
6369,none,0
6370,none,0
6371,none,0
6372,none,0
6373,none,0
6374,none,0
6375,none,0
6376,none,0
6377,none,0
6378,none,0
6379,none,0
6380,none,0
6381,none,0
6382,none,0
6383,none,0
6384,none,0
6385,none,0
6386,none,0
6387,none,0
6388,none,0
6389,none,0
6390,none,0
6391,none,0
6392,none,0
6393,silent_failure,1
6394,sensor_glitch,1
6395,none,0
6396,none,0
6397,none,0
6398,none,0
6399,none,0
6400,none,0
6401,none,0
6402,none,0
6403,none,0
6404,none,0
6405,none,0
6406,none,0
6407,none,0
6408,none,0
6409,none,0
6410,none,0
6411,none,0
6412,none,0
6413,none,0
6414,none,0
6415,none,0
6416,none,0
6417,none,0
6418,none,0
6419,none,0
6420,none,0
6421,silent_failure,1
6422,none,0
6423,none,0
6424,none,0
6425,none,0
6426,none,0
6427,none,0
6428,none,0
6429,none,0
6430,none,0
6431,none,0
6432,none,0
6433,none,0
6434,none,0
6435,none,0
6436,sensor_glitch,1
6437,none,0
6438,none,0
6439,none,0
6440,none,0
6441,none,0
6442,none,0
6443,none,0
6444,none,0
6445,none,0
6446,none,0
6447,sensor_glitch,1
6448,none,0
6449,none,0
6450,none,0
6451,none,0
6452,none,0
6453,none,0
6454,none,0
6455,none,0
6456,none,0
6457,none,0
6458,silent_failure,1
6459,silent_failure,1
6460,none,0
6461,none,0
6462,none,0
6463,none,0
6464,none,0
6465,none,0
6466,none,0
6467,none,0
6468,none,0
6469,sensor_glitch,1
6470,none,0
6471,none,0
6472,none,0
6473,none,0
6474,none,0
6475,none,0
6476,none,0
6477,none,0
6478,none,0
6479,none,0
6480,none,0
6481,none,0
6482,none,0
6483,none,0
6484,none,0
6485,none,0
6486,none,0
6487,none,0
6488,none,0
6489,none,0
6490,none,0
6491,none,0
6492,none,0
6493,none,0
6494,none,0
6495,none,0
6496,none,0
6497,none,0
6498,none,0
6499,none,0
6500,none,0
6501,none,0
6502,none,0
6503,none,0
6504,none,0
6505,none,0
6506,none,0
6507,none,0
6508,none,0
6509,none,0
6510,sensor_glitch,1
6511,none,0
6512,none,0
6513,none,0
6514,none,0
6515,none,0
6516,none,0
6517,none,0
6518,none,0
6519,none,0
6520,none,0
6521,none,0
6522,none,0
6523,none,0
6524,none,0
6525,none,0
6526,none,0
6527,none,0
6528,none,0
6529,none,0
6530,sensor_glitch,1
6531,none,0
6532,none,0
6533,none,0
6534,none,0
6535,none,0
6536,none,0
6537,none,0
6538,none,0
6539,none,0
6540,none,0
6541,none,0
6542,none,0
6543,none,0
6544,none,0
6545,none,0
6546,none,0
6547,none,0
6548,none,0
6549,silent_failure,1
6550,none,0
6551,none,0
6552,none,0
6553,sensor_glitch,1
6554,none,0
6555,none,0
6556,none,0
6557,silent_failure,1
6558,none,0
6559,none,0
6560,none,0
6561,none,0
6562,none,0
6563,none,0
6564,silent_failure,1
6565,none,0
6566,none,0
6567,none,0
6568,none,0
6569,none,0
6570,none,0
6571,none,0
6572,none,0
6573,none,0
6574,none,0
6575,none,0
6576,none,0
6577,none,0
6578,none,0
6579,none,0
6580,none,0
6581,none,0
6582,none,0
6583,none,0
6584,none,0
6585,none,0
6586,none,0
6587,none,0
6588,none,0
6589,none,0
6590,none,0
6591,none,0
6592,none,0
6593,none,0
6594,silent_failure,1
6595,none,0
6596,none,0
6597,none,0
6598,none,0
6599,none,0
6600,none,0
6601,none,0
6602,none,0
6603,none,0
6604,none,0
6605,none,0
6606,none,0
6607,none,0
6608,none,0
6609,none,0
6610,none,0
6611,none,0
6612,none,0
6613,none,0
6614,none,0
6615,none,0
6616,none,0
6617,none,0
6618,none,0
6619,none,0
6620,none,0
6621,none,0
6622,none,0
6623,none,0
6624,none,0
6625,none,0
6626,none,0
6627,none,0
6628,none,0
6629,none,0
6630,none,0
6631,none,0
6632,none,0
6633,none,0
6634,none,0
6635,silent_failure,1
6636,none,0
6637,none,0
6638,none,0
6639,none,0
6640,none,0
6641,none,0
6642,none,0
6643,none,0
6644,none,0
6645,none,0
6646,none,0
6647,none,0
6648,none,0
6649,none,0
6650,none,0
6651,none,0
6652,none,0
6653,none,0
6654,none,0
6655,none,0
6656,none,0
6657,none,0
6658,none,0
6659,none,0
6660,none,0
6661,none,0
6662,none,0
6663,none,0
6664,none,0
6665,none,0
6666,none,0
6667,none,0
6668,none,0
6669,none,0
6670,none,0
6671,none,0
6672,none,0
6673,none,0
6674,none,0
6675,none,0
6676,none,0
6677,none,0
6678,none,0
6679,silent_failure,1
6680,none,0
6681,none,0
6682,none,0
6683,none,0
6684,none,0
6685,none,0
6686,none,0
6687,none,0
6688,none,0
6689,none,0
6690,none,0
6691,none,0
6692,none,0
6693,none,0
6694,sensor_glitch,1
6695,none,0
6696,none,0
6697,none,0
6698,none,0
6699,none,0
6700,none,0
6701,none,0
6702,none,0
6703,none,0
6704,none,0
6705,none,0
6706,none,0
6707,none,0
6708,silent_failure,1
6709,none,0
6710,none,0
6711,none,0
6712,none,0
6713,none,0
6714,none,0
6715,none,0
6716,none,0
6717,none,0
6718,none,0
6719,none,0
6720,none,0
6721,none,0
6722,none,0
6723,none,0
6724,none,0
6725,none,0
6726,none,0
6727,none,0
6728,none,0
6729,none,0
6730,none,0
6731,none,0
6732,none,0
6733,none,0
6734,none,0
6735,none,0
6736,none,0
6737,none,0
6738,none,0
6739,none,0
6740,none,0
6741,none,0
6742,silent_failure,1
6743,none,0
6744,none,0
6745,none,0
6746,none,0
6747,none,0
6748,none,0
6749,none,0
6750,none,0
6751,none,0
6752,none,0
6753,none,0
6754,none,0
6755,none,0
6756,none,0
6757,none,0
6758,none,0
6759,none,0
6760,none,0
6761,none,0
6762,none,0
6763,none,0
6764,none,0
6765,none,0
6766,none,0
6767,none,0
6768,none,0
6769,none,0
6770,none,0
6771,silent_failure,1
6772,none,0
6773,none,0
6774,none,0
6775,none,0
6776,none,0
6777,none,0
6778,none,0
6779,none,0
6780,none,0
6781,none,0
6782,none,0
6783,none,0
6784,none,0
6785,none,0
6786,silent_failure,1
6787,none,0
6788,none,0
6789,none,0
6790,none,0
6791,none,0
6792,none,0
6793,none,0
6794,none,0
6795,none,0
6796,none,0
6797,none,0
6798,none,0
6799,none,0
6800,none,0
6801,none,0
6802,none,0
6803,none,0
6804,none,0
6805,none,0
6806,none,0
6807,none,0
6808,none,0
6809,none,0
6810,none,0
6811,none,0
6812,none,0
6813,none,0
6814,none,0
6815,none,0
6816,none,0
6817,none,0
6818,none,0
6819,none,0
6820,none,0
6821,none,0
6822,none,0
6823,none,0
6824,none,0
6825,none,0
6826,none,0
6827,none,0
6828,sensor_glitch,1
6829,silent_failure,1
6830,none,0
6831,none,0
6832,none,0
6833,none,0
6834,none,0
6835,none,0
6836,none,0
6837,none,0
6838,none,0
6839,none,0
6840,none,0
6841,none,0
6842,none,0
6843,none,0
6844,none,0
6845,none,0
6846,none,0
6847,none,0
6848,none,0
6849,silent_failure,1
6850,none,0
6851,none,0
6852,none,0
6853,none,0
6854,none,0
6855,none,0
6856,none,0
6857,none,0
6858,none,0
6859,none,0
6860,none,0
6861,none,0
6862,none,0
6863,none,0
6864,none,0
6865,none,0
6866,none,0
6867,none,0
6868,none,0
6869,none,0
6870,none,0
6871,none,0
6872,none,0
6873,none,0
6874,none,0
6875,none,0
6876,none,0
6877,none,0
6878,none,0
6879,none,0
6880,none,0
6881,none,0
6882,none,0
6883,none,0
6884,none,0
6885,none,0
6886,none,0
6887,none,0
6888,none,0
6889,none,0
6890,none,0
6891,none,0
6892,none,0
6893,none,0
6894,none,0
6895,none,0
6896,none,0
6897,none,0
6898,none,0
6899,none,0
6900,none,0
6901,none,0
6902,none,0
6903,none,0
6904,silent_failure,1
6905,none,0
6906,none,0
6907,none,0
6908,none,0
6909,none,0
6910,none,0
6911,none,0
6912,none,0
6913,none,0
6914,none,0
6915,none,0
6916,none,0
6917,none,0
6918,none,0
6919,none,0
6920,none,0
6921,none,0
6922,none,0
6923,none,0
6924,none,0
6925,none,0
6926,silent_failure,1
6927,none,0
6928,none,0
6929,none,0
6930,none,0
6931,none,0
6932,none,0
6933,none,0
6934,none,0
6935,none,0
6936,none,0
6937,none,0
6938,none,0
6939,sensor_glitch,1
6940,none,0
6941,none,0
6942,none,0
6943,none,0
6944,none,0
6945,none,0
6946,none,0
6947,none,0
6948,none,0
6949,none,0
6950,none,0
6951,none,0
6952,none,0
6953,none,0
6954,none,0
6955,none,0
6956,none,0
6957,none,0
6958,none,0
6959,none,0
6960,none,0
6961,silent_failure,1
6962,none,0
6963,none,0
6964,none,0
6965,none,0
6966,none,0
6967,none,0
6968,none,0
6969,none,0
6970,none,0
6971,none,0
6972,none,0
6973,none,0
6974,none,0
6975,none,0
6976,none,0
6977,none,0
6978,none,0
6979,none,0
6980,none,0
6981,none,0
6982,none,0
6983,none,0
6984,none,0
6985,none,0
6986,none,0
6987,none,0
6988,none,0
6989,none,0
6990,none,0
6991,none,0
6992,none,0
6993,none,0
6994,none,0
6995,none,0
6996,none,0
6997,none,0
6998,none,0
6999,none,0
7000,none,0
7001,none,0
7002,none,0
7003,none,0
7004,none,0
7005,none,0
7006,none,0
7007,none,0
7008,none,0
7009,none,0
7010,none,0
7011,none,0
7012,none,0
7013,none,0
7014,none,0
7015,none,0
7016,none,0
7017,none,0
7018,none,0
7019,none,0
7020,none,0
7021,none,0
7022,none,0
7023,none,0
7024,none,0
7025,none,0
7026,none,0
7027,none,0
7028,none,0
7029,none,0
7030,sensor_glitch,1
7031,none,0
7032,none,0
7033,none,0
7034,none,0
7035,none,0
7036,none,0
7037,none,0
7038,none,0
7039,none,0
7040,sensor_glitch,1
7041,none,0
7042,none,0
7043,none,0
7044,none,0
7045,none,0
7046,none,0
7047,none,0
7048,none,0
7049,none,0
7050,none,0
7051,silent_failure,1
7052,none,0
7053,none,0
7054,none,0
7055,none,0
7056,none,0
7057,none,0
7058,none,0
7059,none,0
7060,none,0
7061,none,0
7062,none,0
7063,none,0
7064,none,0
7065,none,0
7066,none,0
7067,none,0
7068,none,0
7069,none,0
7070,none,0
7071,none,0
7072,none,0
7073,none,0
7074,none,0
7075,none,0
7076,none,0
7077,none,0
7078,none,0
7079,none,0
7080,none,0
7081,none,0
7082,none,0
7083,none,0
7084,none,0
7085,none,0
7086,none,0
7087,none,0
7088,none,0
7089,none,0
7090,none,0
7091,none,0
7092,none,0
7093,none,0
7094,none,0
7095,none,0
7096,none,0
7097,none,0
7098,none,0
7099,none,0
7100,none,0
7101,none,0
7102,none,0
7103,none,0
7104,none,0
7105,none,0
7106,none,0
7107,none,0
7108,none,0
7109,none,0
7110,none,0
7111,none,0
7112,none,0
7113,none,0
7114,none,0
7115,none,0
7116,none,0
7117,none,0
7118,none,0
7119,none,0
7120,none,0
7121,none,0
7122,none,0
7123,none,0
7124,none,0
7125,none,0
7126,none,0
7127,none,0
7128,silent_failure,1
7129,none,0
7130,none,0
7131,none,0
7132,none,0
7133,none,0
7134,none,0
7135,none,0
7136,none,0
7137,none,0
7138,none,0
7139,none,0
7140,none,0
7141,none,0
7142,none,0
7143,none,0
7144,none,0
7145,none,0
7146,none,0
7147,none,0
7148,none,0
7149,none,0
7150,none,0
7151,none,0
7152,none,0
7153,none,0
7154,none,0
7155,none,0
7156,none,0
7157,none,0
7158,none,0
7159,none,0
7160,none,0
7161,none,0
7162,none,0
7163,none,0
7164,none,0
7165,none,0
7166,none,0
7167,none,0
7168,none,0
7169,none,0
7170,none,0
7171,none,0
7172,none,0
7173,none,0
7174,none,0
7175,none,0
7176,silent_failure,1
7177,none,0
7178,none,0
7179,none,0
7180,none,0
7181,none,0
7182,none,0
7183,none,0
7184,none,0
7185,none,0
7186,none,0
7187,none,0
7188,none,0
7189,none,0
7190,none,0
7191,none,0
7192,none,0
7193,none,0
7194,none,0
7195,none,0
7196,none,0
7197,none,0
7198,none,0
7199,none,0
7200,none,0
7201,none,0
7202,none,0
7203,none,0
7204,none,0
7205,none,0
7206,none,0
7207,none,0
7208,none,0
7209,none,0
7210,none,0
7211,none,0
7212,none,0
7213,none,0
7214,none,0
7215,none,0
7216,sensor_glitch,1
7217,none,0
7218,none,0
7219,none,0
7220,none,0
7221,none,0
7222,none,0
7223,none,0
7224,silent_failure,1
7225,none,0
7226,none,0
7227,none,0
7228,none,0
7229,none,0
7230,none,0
7231,none,0
7232,none,0
7233,none,0
7234,none,0
7235,none,0
7236,none,0
7237,none,0
7238,none,0
7239,none,0
7240,none,0
7241,none,0
7242,silent_failure,1
7243,none,0
7244,none,0
7245,none,0
7246,none,0
7247,none,0
7248,none,0
7249,none,0
7250,none,0
7251,none,0
7252,none,0
7253,none,0
7254,none,0
7255,none,0
7256,none,0
7257,none,0
7258,none,0
7259,none,0
7260,none,0
7261,none,0
7262,silent_failure,1
7263,none,0
7264,none,0
7265,none,0
7266,none,0
7267,none,0
7268,none,0
7269,none,0
7270,none,0
7271,none,0
7272,none,0
7273,none,0
7274,none,0
7275,none,0
7276,none,0
7277,none,0
7278,none,0
7279,none,0
7280,none,0
7281,none,0
7282,none,0
7283,none,0
7284,none,0
7285,none,0
7286,none,0
7287,none,0
7288,none,0
7289,silent_failure,1
7290,none,0
7291,none,0
7292,sensor_glitch,1
7293,none,0
7294,none,0
7295,none,0
7296,none,0
7297,none,0
7298,none,0
7299,none,0
7300,none,0
7301,none,0
7302,none,0
7303,none,0
7304,none,0
7305,none,0
7306,none,0
7307,none,0
7308,none,0
7309,none,0
7310,none,0
7311,none,0
7312,none,0
7313,none,0
7314,none,0
7315,none,0
7316,none,0
7317,none,0
7318,none,0
7319,none,0
7320,none,0
7321,none,0
7322,none,0
7323,none,0
7324,none,0
7325,none,0
7326,none,0
7327,none,0
7328,none,0
7329,none,0
7330,none,0
7331,none,0
7332,none,0
7333,none,0
7334,none,0
7335,none,0
7336,none,0
7337,none,0
7338,none,0
7339,silent_failure,1
7340,none,0
7341,none,0
7342,sensor_glitch,1
7343,none,0
7344,none,0
7345,silent_failure,1
7346,none,0
7347,none,0
7348,none,0
7349,none,0
7350,none,0
7351,none,0
7352,none,0
7353,none,0
7354,none,0
7355,none,0
7356,none,0
7357,none,0
7358,none,0
7359,none,0
7360,none,0
7361,none,0
7362,none,0
7363,none,0
7364,none,0
7365,none,0
7366,none,0
7367,none,0
7368,none,0
7369,none,0
7370,none,0
7371,none,0
7372,none,0
7373,none,0
7374,none,0
7375,none,0
7376,none,0
7377,none,0
7378,none,0
7379,sensor_glitch,1
7380,none,0
7381,none,0
7382,none,0
7383,sensor_glitch,1
7384,none,0
7385,none,0
7386,none,0
7387,none,0
7388,silent_failure,1
7389,none,0
7390,none,0
7391,none,0
7392,none,0
7393,none,0
7394,none,0
7395,none,0
7396,none,0
7397,none,0
7398,none,0
7399,none,0
7400,none,0
7401,none,0
7402,none,0
7403,none,0
7404,none,0
7405,none,0
7406,none,0
7407,none,0
7408,none,0
7409,none,0
7410,none,0
7411,none,0
7412,none,0
7413,none,0
7414,none,0
7415,none,0
7416,none,0
7417,none,0
7418,none,0
7419,none,0
7420,none,0
7421,none,0
7422,none,0
7423,none,0
7424,none,0
7425,none,0
7426,none,0
7427,none,0
7428,none,0
7429,none,0
7430,none,0
7431,none,0
7432,none,0
7433,none,0
7434,none,0
7435,none,0
7436,none,0
7437,none,0
7438,none,0
7439,none,0
7440,none,0
7441,none,0
7442,none,0
7443,silent_failure,1
7444,none,0
7445,none,0
7446,none,0
7447,none,0
7448,none,0
7449,none,0
7450,none,0
7451,none,0
7452,none,0
7453,none,0
7454,none,0
7455,none,0
7456,none,0
7457,none,0
7458,none,0
7459,none,0
7460,silent_failure,1
7461,none,0
7462,none,0
7463,none,0
7464,none,0
7465,none,0
7466,none,0
7467,none,0
7468,none,0
7469,none,0
7470,none,0
7471,none,0
7472,none,0
7473,none,0
7474,none,0
7475,none,0
7476,none,0
7477,none,0
7478,none,0
7479,none,0
7480,none,0
7481,none,0
7482,none,0
7483,none,0
7484,none,0
7485,sensor_glitch,1
7486,none,0
7487,none,0
7488,none,0
7489,none,0
7490,none,0
7491,none,0
7492,none,0
7493,none,0
7494,none,0
7495,none,0
7496,silent_failure,1
7497,none,0
7498,none,0
7499,none,0
7500,none,0
7501,none,0
7502,none,0
7503,none,0
7504,none,0
7505,none,0
7506,none,0
7507,none,0
7508,none,0
7509,none,0
7510,none,0
7511,none,0
7512,none,0
7513,none,0
7514,none,0
7515,none,0
7516,none,0
7517,none,0
7518,none,0
7519,none,0
7520,none,0
7521,none,0
7522,none,0
7523,none,0
7524,none,0
7525,none,0
7526,none,0
7527,none,0
7528,none,0
7529,none,0
7530,none,0
7531,none,0
7532,none,0
7533,none,0
7534,none,0
7535,none,0
7536,none,0
7537,none,0
7538,none,0
7539,none,0
7540,none,0
7541,none,0
7542,none,0
7543,none,0
7544,none,0
7545,none,0
7546,none,0
7547,none,0
7548,none,0
7549,none,0
7550,none,0
7551,none,0
7552,none,0
7553,none,0
7554,none,0
7555,none,0
7556,none,0
7557,none,0
7558,none,0
7559,none,0
7560,none,0
7561,none,0
7562,none,0
7563,none,0
7564,none,0
7565,none,0
7566,none,0
7567,none,0
7568,none,0
7569,none,0
7570,none,0
7571,none,0
7572,none,0
7573,none,0
7574,none,0
7575,none,0
7576,none,0
7577,none,0
7578,none,0
7579,none,0
7580,none,0
7581,none,0
7582,none,0
7583,none,0
7584,none,0
7585,none,0
7586,none,0
7587,none,0
7588,none,0
7589,none,0
7590,none,0
7591,none,0
7592,none,0
7593,none,0
7594,none,0
7595,none,0
7596,none,0
7597,none,0
7598,none,0
7599,none,0
7600,none,0
7601,none,0
7602,none,0
7603,none,0
7604,none,0
7605,none,0
7606,none,0
7607,none,0
7608,none,0
7609,none,0
7610,none,0
7611,none,0
7612,none,0
7613,none,0
7614,none,0
7615,none,0
7616,none,0
7617,none,0
7618,none,0
7619,none,0
7620,none,0
7621,none,0
7622,none,0
7623,none,0
7624,none,0
7625,none,0
7626,none,0
7627,none,0
7628,none,0
7629,none,0
7630,none,0
7631,none,0
7632,none,0
7633,none,0
7634,none,0
7635,none,0
7636,none,0
7637,none,0
7638,none,0
7639,none,0
7640,none,0
7641,none,0
7642,none,0
7643,none,0
7644,none,0
7645,none,0
7646,none,0
7647,none,0
7648,none,0
7649,none,0
7650,none,0
7651,none,0
7652,none,0
7653,none,0
7654,none,0
7655,none,0
7656,none,0
7657,none,0
7658,none,0
7659,none,0
7660,none,0
7661,none,0
7662,none,0
7663,none,0
7664,none,0
7665,none,0
7666,none,0
7667,none,0
7668,none,0
7669,none,0
7670,none,0
7671,none,0
7672,none,0
7673,none,0
7674,none,0
7675,none,0
7676,none,0
7677,none,0
7678,none,0
7679,none,0
7680,none,0
7681,none,0
7682,none,0
7683,none,0
7684,none,0
7685,none,0
7686,none,0
7687,none,0
7688,none,0
7689,none,0
7690,none,0
7691,none,0
7692,none,0
7693,none,0
7694,none,0
7695,none,0
7696,none,0
7697,none,0
7698,none,0
7699,none,0
7700,none,0
7701,none,0
7702,none,0
7703,none,0
7704,none,0
7705,none,0
7706,none,0
7707,none,0
7708,none,0
7709,none,0
7710,none,0
7711,none,0
7712,none,0
7713,none,0
7714,none,0
7715,none,0
7716,none,0
7717,none,0
7718,none,0
7719,none,0
7720,none,0
7721,none,0
7722,none,0
7723,none,0
7724,none,0
7725,none,0
7726,none,0
7727,none,0
7728,none,0
7729,none,0
7730,none,0
7731,none,0
7732,none,0
7733,none,0
7734,none,0
7735,none,0
7736,none,0
7737,none,0
7738,none,0
7739,none,0
7740,none,0
7741,none,0
7742,none,0
7743,none,0
7744,none,0
7745,none,0
7746,none,0
7747,none,0
7748,none,0
7749,none,0
7750,none,0
7751,none,0
7752,none,0
7753,none,0
7754,none,0
7755,none,0
7756,none,0
7757,none,0
7758,none,0
7759,none,0
7760,none,0
7761,none,0
7762,none,0
7763,none,0
7764,none,0
7765,none,0
7766,none,0
7767,none,0
7768,none,0
7769,none,0
7770,none,0
7771,none,0
7772,none,0
7773,none,0
7774,none,0
7775,none,0
7776,none,0
7777,none,0
7778,none,0
7779,none,0
7780,none,0
7781,none,0
7782,none,0
7783,none,0
7784,none,0
7785,none,0
7786,none,0
7787,none,0
7788,none,0
7789,none,0
7790,none,0
7791,none,0
7792,none,0
7793,none,0
7794,none,0
7795,none,0
7796,none,0
7797,none,0
7798,none,0
7799,none,0
7800,none,0
7801,none,0
7802,none,0
7803,none,0
7804,none,0
7805,none,0
7806,none,0
7807,none,0
7808,none,0
7809,none,0
7810,none,0
7811,none,0
7812,none,0
7813,none,0
7814,none,0
7815,none,0
7816,none,0
7817,none,0
7818,none,0
7819,none,0
7820,none,0
7821,none,0
7822,none,0
7823,none,0
7824,none,0
7825,none,0
7826,none,0
7827,none,0
7828,none,0
7829,none,0
7830,none,0
7831,none,0
7832,none,0
7833,none,0
7834,none,0
7835,none,0
7836,none,0
7837,none,0
7838,none,0
7839,none,0
7840,none,0
7841,none,0
7842,none,0
7843,none,0
7844,none,0
7845,none,0
7846,none,0
7847,none,0
7848,none,0
7849,none,0
7850,none,0
7851,none,0
7852,none,0
7853,none,0
7854,none,0
7855,none,0
7856,none,0
7857,none,0
7858,none,0
7859,none,0
7860,none,0
7861,none,0
7862,none,0
7863,none,0
7864,none,0
7865,none,0
7866,none,0
7867,none,0
7868,none,0
7869,none,0
7870,none,0
7871,none,0
7872,none,0
7873,none,0
7874,none,0
7875,none,0
7876,none,0
7877,none,0
7878,none,0
7879,none,0
7880,none,0
7881,none,0
7882,none,0
7883,none,0
7884,none,0
7885,none,0
7886,none,0
7887,none,0
7888,none,0
7889,none,0
7890,none,0
7891,none,0
7892,none,0
7893,none,0
7894,none,0
7895,none,0
7896,none,0
7897,none,0
7898,none,0
7899,none,0
7900,none,0
7901,none,0
7902,none,0
7903,none,0
7904,none,0
7905,none,0
7906,none,0
7907,none,0
7908,none,0
7909,none,0
7910,none,0
7911,none,0
7912,none,0
7913,none,0
7914,none,0
7915,none,0
7916,none,0
7917,none,0
7918,none,0
7919,none,0
7920,none,0
7921,none,0
7922,none,0
7923,none,0
7924,none,0
7925,none,0
7926,none,0
7927,none,0
7928,none,0
7929,none,0
7930,none,0
7931,none,0
7932,none,0
7933,none,0
7934,none,0
7935,none,0
7936,none,0
7937,none,0
7938,none,0
7939,none,0
7940,none,0
7941,none,0
7942,none,0
7943,none,0
7944,none,0
7945,none,0
7946,none,0
7947,none,0
7948,none,0
7949,none,0
7950,none,0
7951,none,0
7952,none,0
7953,none,0
7954,none,0
7955,none,0
7956,none,0
7957,none,0
7958,none,0
7959,none,0
7960,none,0
7961,none,0
7962,none,0
7963,none,0
7964,none,0
7965,none,0
7966,none,0
7967,none,0
7968,none,0
7969,none,0
7970,none,0
7971,none,0
7972,none,0
7973,none,0
7974,none,0
7975,none,0
7976,none,0
7977,none,0
7978,none,0
7979,none,0
7980,none,0
7981,none,0
7982,none,0
7983,none,0
7984,none,0
7985,none,0
7986,none,0
7987,none,0
7988,none,0
7989,none,0
7990,none,0
7991,none,0
7992,none,0
7993,none,0
7994,none,0
7995,none,0
7996,none,0
7997,none,0
7998,none,0
7999,none,0
8000,none,0
8001,none,0
8002,none,0
8003,none,0
8004,none,0
8005,none,0
8006,none,0
8007,none,0
8008,none,0
8009,none,0
8010,none,0
8011,none,0
8012,none,0
8013,none,0
8014,none,0
8015,none,0
8016,none,0
8017,none,0
8018,none,0
8019,none,0
8020,none,0
8021,none,0
8022,none,0
8023,none,0
8024,none,0
8025,none,0
8026,none,0
8027,none,0
8028,none,0
8029,none,0
8030,none,0
8031,none,0
8032,none,0
8033,none,0
8034,none,0
8035,none,0
8036,none,0
8037,none,0
8038,none,0
8039,none,0
8040,none,0
8041,none,0
8042,none,0
8043,none,0
8044,none,0
8045,none,0
8046,none,0
8047,none,0
8048,none,0
8049,none,0
8050,none,0
8051,none,0
8052,none,0
8053,none,0
8054,none,0
8055,none,0
8056,none,0
8057,none,0
8058,none,0
8059,none,0
8060,none,0
8061,none,0
8062,none,0
8063,none,0
8064,none,0
8065,none,0
8066,none,0
8067,none,0
8068,none,0
8069,none,0
8070,none,0
8071,none,0
8072,none,0
8073,none,0
8074,none,0
8075,none,0
8076,none,0
8077,none,0
8078,none,0
8079,none,0
8080,none,0
8081,none,0
8082,none,0
8083,none,0
8084,none,0
8085,none,0
8086,none,0
8087,none,0
8088,none,0
8089,none,0
8090,none,0
8091,none,0
8092,none,0
8093,none,0
8094,none,0
8095,none,0
8096,none,0
8097,none,0
8098,none,0
8099,none,0
8100,none,0
8101,none,0
8102,none,0
8103,none,0
8104,none,0
8105,none,0
8106,none,0
8107,none,0
8108,none,0
8109,none,0
8110,none,0
8111,none,0
8112,none,0
8113,none,0
8114,none,0
8115,none,0
8116,none,0
8117,none,0
8118,none,0
8119,none,0
8120,none,0
8121,none,0
8122,none,0
8123,none,0
8124,none,0
8125,none,0
8126,none,0
8127,none,0
8128,none,0
8129,none,0
8130,none,0
8131,none,0
8132,none,0
8133,none,0
8134,none,0
8135,none,0
8136,none,0
8137,none,0
8138,none,0
8139,none,0
8140,none,0
8141,none,0
8142,none,0
8143,none,0
8144,none,0
8145,none,0
8146,none,0
8147,none,0
8148,none,0
8149,none,0
8150,none,0
8151,none,0
8152,none,0
8153,none,0
8154,none,0
8155,none,0
8156,none,0
8157,none,0
8158,none,0
8159,none,0
8160,none,0
8161,none,0
8162,none,0
8163,none,0
8164,none,0
8165,none,0
8166,none,0
8167,none,0
8168,none,0
8169,none,0
8170,none,0
8171,none,0
8172,none,0
8173,none,0
8174,none,0
8175,none,0
8176,none,0
8177,none,0
8178,none,0
8179,none,0
8180,none,0
8181,none,0
8182,none,0
8183,none,0
8184,none,0
8185,none,0
8186,none,0
8187,none,0
8188,none,0
8189,none,0
8190,none,0
8191,none,0
8192,none,0
8193,none,0
8194,none,0
8195,none,0
8196,none,0
8197,none,0
8198,none,0
8199,none,0
8200,none,0
8201,none,0
8202,none,0
8203,none,0
8204,none,0
8205,none,0
8206,none,0
8207,none,0
8208,none,0
8209,none,0
8210,none,0
8211,none,0
8212,none,0
8213,none,0
8214,none,0
8215,none,0
8216,none,0
8217,none,0
8218,none,0
8219,none,0
8220,none,0
8221,none,0
8222,none,0
8223,none,0
8224,none,0
8225,none,0
8226,none,0
8227,none,0
8228,none,0
8229,none,0
8230,none,0
8231,none,0
8232,none,0
8233,none,0
8234,none,0
8235,none,0
8236,none,0
8237,none,0
8238,none,0
8239,none,0
8240,none,0
8241,none,0
8242,none,0
8243,none,0
8244,none,0
8245,none,0
8246,none,0
8247,none,0
8248,none,0
8249,none,0
8250,none,0
8251,none,0
8252,none,0
8253,none,0
8254,none,0
8255,none,0
8256,none,0
8257,none,0
8258,none,0
8259,none,0
8260,none,0
8261,none,0
8262,none,0
8263,none,0
8264,none,0
8265,none,0
8266,none,0
8267,none,0
8268,none,0
8269,none,0
8270,none,0
8271,none,0
8272,none,0
8273,none,0
8274,none,0
8275,none,0
8276,none,0
8277,none,0
8278,none,0
8279,none,0
8280,none,0
8281,none,0
8282,none,0
8283,none,0
8284,none,0
8285,none,0
8286,none,0
8287,none,0
8288,none,0
8289,none,0
8290,none,0
8291,none,0
8292,none,0
8293,none,0
8294,none,0
8295,none,0
8296,none,0
8297,none,0
8298,none,0
8299,none,0
8300,none,0
8301,none,0
8302,none,0
8303,none,0
8304,none,0
8305,none,0
8306,none,0
8307,none,0
8308,none,0
8309,none,0
8310,none,0
8311,none,0
8312,none,0
8313,none,0
8314,none,0
8315,none,0
8316,none,0
8317,none,0
8318,none,0
8319,none,0
8320,none,0
8321,none,0
8322,none,0
8323,none,0
8324,none,0
8325,none,0
8326,none,0
8327,none,0
8328,none,0
8329,none,0
8330,none,0
8331,none,0
8332,none,0
8333,none,0
8334,none,0
8335,none,0
8336,none,0
8337,none,0
8338,none,0
8339,none,0
8340,none,0
8341,none,0
8342,none,0
8343,none,0
8344,none,0
8345,none,0
8346,none,0
8347,none,0
8348,none,0
8349,none,0
8350,none,0
8351,none,0
8352,none,0
8353,none,0
8354,none,0
8355,none,0
8356,none,0
8357,none,0
8358,none,0
8359,none,0
8360,none,0
8361,none,0
8362,none,0
8363,none,0
8364,none,0
8365,none,0
8366,none,0
8367,none,0
8368,none,0
8369,none,0
8370,none,0
8371,none,0
8372,none,0
8373,none,0
8374,none,0
8375,none,0
8376,none,0
8377,none,0
8378,none,0
8379,none,0
8380,none,0
8381,none,0
8382,none,0
8383,none,0
8384,none,0
8385,none,0
8386,none,0
8387,none,0
8388,none,0
8389,none,0
8390,none,0
8391,none,0
8392,none,0
8393,none,0
8394,none,0
8395,none,0
8396,none,0
8397,none,0
8398,none,0
8399,none,0
8400,none,0
8401,none,0
8402,none,0
8403,none,0
8404,none,0
8405,none,0
8406,none,0
8407,none,0
8408,none,0
8409,none,0
8410,none,0
8411,none,0
8412,none,0
8413,none,0
8414,none,0
8415,none,0
8416,none,0
8417,none,0
8418,none,0
8419,none,0
8420,none,0
8421,none,0
8422,none,0
8423,none,0
8424,none,0
8425,none,0
8426,none,0
8427,none,0
8428,none,0
8429,none,0
8430,none,0
8431,none,0
8432,none,0
8433,none,0
8434,none,0
8435,none,0
8436,none,0
8437,none,0
8438,none,0
8439,none,0
8440,none,0
8441,none,0
8442,none,0
8443,none,0
8444,none,0
8445,none,0
8446,none,0
8447,none,0
8448,none,0
8449,none,0
8450,none,0
8451,none,0
8452,none,0
8453,none,0
8454,none,0
8455,none,0
8456,none,0
8457,none,0
8458,none,0
8459,none,0
8460,none,0
8461,none,0
8462,none,0
8463,none,0
8464,none,0
8465,none,0
8466,none,0
8467,none,0
8468,none,0
8469,none,0
8470,none,0
8471,none,0
8472,none,0
8473,none,0
8474,none,0
8475,none,0
8476,none,0
8477,none,0
8478,none,0
8479,none,0
8480,none,0
8481,none,0
8482,none,0
8483,none,0
8484,none,0
8485,none,0
8486,none,0
8487,none,0
8488,none,0
8489,none,0
8490,none,0
8491,none,0
8492,none,0
8493,none,0
8494,none,0
8495,none,0
8496,none,0
8497,none,0
8498,none,0
8499,none,0
8500,none,0
8501,none,0
8502,none,0
8503,none,0
8504,none,0
8505,none,0
8506,none,0
8507,none,0
8508,none,0
8509,none,0
8510,none,0
8511,none,0
8512,none,0
8513,none,0
8514,none,0
8515,none,0
8516,none,0
8517,none,0
8518,none,0
8519,none,0
8520,none,0
8521,none,0
8522,none,0
8523,none,0
8524,none,0
8525,none,0
8526,none,0
8527,none,0
8528,none,0
8529,none,0
8530,none,0
8531,none,0
8532,none,0
8533,none,0
8534,none,0
8535,none,0
8536,none,0
8537,none,0
8538,none,0
8539,none,0
8540,none,0
8541,none,0
8542,none,0
8543,none,0
8544,none,0
8545,none,0
8546,none,0
8547,none,0
8548,none,0
8549,none,0
8550,none,0
8551,none,0
8552,none,0
8553,none,0
8554,none,0
8555,none,0
8556,none,0
8557,none,0
8558,none,0
8559,none,0
8560,none,0
8561,none,0
8562,none,0
8563,none,0
8564,none,0
8565,none,0
8566,none,0
8567,none,0
8568,none,0
8569,none,0
8570,none,0
8571,none,0
8572,none,0
8573,none,0
8574,none,0
8575,none,0
8576,none,0
8577,none,0
8578,none,0
8579,none,0
8580,none,0
8581,none,0
8582,none,0
8583,none,0
8584,none,0
8585,none,0
8586,none,0
8587,none,0
8588,none,0
8589,none,0
8590,none,0
8591,none,0
8592,none,0
8593,none,0
8594,none,0
8595,none,0
8596,none,0
8597,none,0
8598,none,0
8599,none,0
8600,none,0
8601,none,0
8602,none,0
8603,none,0
8604,none,0
8605,none,0
8606,none,0
8607,none,0
8608,none,0
8609,none,0
8610,none,0
8611,none,0
8612,none,0
8613,none,0
8614,none,0
8615,none,0
8616,none,0
8617,none,0
8618,none,0
8619,none,0
8620,none,0
8621,none,0
8622,none,0
8623,none,0
8624,none,0
8625,none,0
8626,none,0
8627,none,0
8628,none,0
8629,none,0
8630,none,0
8631,none,0
8632,none,0
8633,none,0
8634,none,0
8635,none,0
8636,none,0
8637,none,0
8638,none,0
8639,none,0
8640,none,0
8641,none,0
8642,none,0
8643,none,0
8644,none,0
8645,none,0
8646,none,0
8647,none,0
8648,none,0
8649,none,0
8650,none,0
8651,none,0
8652,none,0
8653,none,0
8654,none,0
8655,none,0
8656,none,0
8657,none,0
8658,none,0
8659,none,0
8660,none,0
8661,none,0
8662,none,0
8663,none,0
8664,none,0
8665,none,0
8666,none,0
8667,none,0
8668,none,0
8669,none,0
8670,none,0
8671,none,0
8672,none,0
8673,none,0
8674,none,0
8675,none,0
8676,none,0
8677,none,0
8678,none,0
8679,none,0
8680,none,0
8681,none,0
8682,none,0
8683,none,0
8684,none,0
8685,none,0
8686,none,0
8687,none,0
8688,none,0
8689,none,0
8690,none,0
8691,none,0
8692,none,0
8693,none,0
8694,none,0
8695,none,0
8696,none,0
8697,none,0
8698,none,0
8699,none,0
8700,none,0
8701,none,0
8702,none,0
8703,none,0
8704,none,0
8705,none,0
8706,none,0
8707,none,0
8708,none,0
8709,none,0
8710,none,0
8711,none,0
8712,none,0
8713,none,0
8714,none,0
8715,none,0
8716,none,0
8717,none,0
8718,none,0
8719,none,0
8720,none,0
8721,none,0
8722,none,0
8723,none,0
8724,none,0
8725,none,0
8726,none,0
8727,none,0
8728,none,0
8729,none,0
8730,none,0
8731,none,0
8732,none,0
8733,none,0
8734,none,0
8735,none,0
8736,none,0
8737,none,0
8738,none,0
8739,none,0
8740,none,0
8741,none,0
8742,none,0
8743,none,0
8744,none,0
8745,none,0
8746,none,0
8747,none,0
8748,none,0
8749,none,0
8750,none,0
8751,none,0
8752,none,0
8753,none,0
8754,none,0
8755,none,0
8756,none,0
8757,none,0
8758,none,0
8759,none,0
8760,none,0
8761,none,0
8762,none,0
8763,none,0
8764,none,0
8765,none,0
8766,none,0
8767,none,0
8768,none,0
8769,none,0
8770,none,0
8771,none,0
8772,none,0
8773,none,0
8774,none,0
8775,none,0
8776,none,0
8777,none,0
8778,none,0
8779,none,0
8780,none,0
8781,none,0
8782,none,0
8783,none,0
8784,none,0
8785,none,0
8786,none,0
8787,none,0
8788,none,0
8789,none,0
8790,none,0
8791,none,0
8792,none,0
8793,none,0
8794,none,0
8795,none,0
8796,none,0
8797,none,0
8798,none,0
8799,none,0
8800,none,0
8801,none,0
8802,none,0
8803,none,0
8804,none,0
8805,none,0
8806,none,0
8807,none,0
8808,none,0
8809,none,0
8810,none,0
8811,none,0
8812,none,0
8813,none,0
8814,none,0
8815,none,0
8816,none,0
8817,none,0
8818,none,0
8819,none,0
8820,none,0
8821,none,0
8822,none,0
8823,none,0
8824,none,0
8825,none,0
8826,none,0
8827,none,0
8828,none,0
8829,none,0
8830,none,0
8831,none,0
8832,none,0
8833,none,0
8834,none,0
8835,none,0
8836,none,0
8837,none,0
8838,none,0
8839,none,0
8840,none,0
8841,none,0
8842,none,0
8843,none,0
8844,none,0
8845,none,0
8846,none,0
8847,none,0
8848,none,0
8849,none,0
8850,none,0
8851,none,0
8852,none,0
8853,none,0
8854,none,0
8855,none,0
8856,none,0
8857,none,0
8858,none,0
8859,none,0
8860,none,0
8861,none,0
8862,none,0
8863,none,0
8864,none,0
8865,none,0
8866,none,0
8867,none,0
8868,none,0
8869,none,0
8870,none,0
8871,none,0
8872,none,0
8873,none,0
8874,none,0
8875,none,0
8876,none,0
8877,none,0
8878,none,0
8879,none,0
8880,none,0
8881,none,0
8882,none,0
8883,none,0
8884,none,0
8885,none,0
8886,none,0
8887,none,0
8888,none,0
8889,none,0
8890,none,0
8891,none,0
8892,none,0
8893,none,0
8894,none,0
8895,none,0
8896,none,0
8897,none,0
8898,none,0
8899,none,0
8900,none,0
8901,none,0
8902,none,0
8903,none,0
8904,none,0
8905,none,0
8906,none,0
8907,none,0
8908,none,0
8909,none,0
8910,none,0
8911,sensor_glitch,1
8912,none,0
8913,none,0
8914,none,0
8915,none,0
8916,none,0
8917,none,0
8918,none,0
8919,none,0
8920,none,0
8921,none,0
8922,none,0
8923,none,0
8924,none,0
8925,none,0
8926,none,0
8927,none,0
8928,none,0
8929,none,0
8930,none,0
8931,none,0
8932,none,0
8933,none,0
8934,none,0
8935,none,0
8936,none,0
8937,none,0
8938,none,0
8939,none,0
8940,none,0
8941,none,0
8942,none,0
8943,none,0
8944,none,0
8945,none,0
8946,none,0
8947,none,0
8948,none,0
8949,none,0
8950,none,0
8951,none,0
8952,none,0
8953,none,0
8954,none,0
8955,none,0
8956,none,0
8957,none,0
8958,none,0
8959,none,0
8960,none,0
8961,none,0
8962,none,0
8963,none,0
8964,none,0
8965,none,0
8966,none,0
8967,none,0
8968,none,0
8969,none,0
8970,none,0
8971,none,0
8972,none,0
8973,none,0
8974,none,0
8975,none,0
8976,none,0
8977,none,0
8978,none,0
8979,none,0
8980,none,0
8981,none,0
8982,none,0
8983,none,0
8984,none,0
8985,none,0
8986,none,0
8987,none,0
8988,sensor_glitch,1
8989,none,0
8990,none,0
8991,silent_failure,1
8992,none,0
8993,none,0
8994,none,0
8995,none,0
8996,none,0
8997,none,0
8998,none,0
8999,none,0
9000,none,0
9001,silent_failure,1
9002,none,0
9003,none,0
9004,none,0
9005,none,0
9006,none,0
9007,none,0
9008,none,0
9009,none,0
9010,none,0
9011,none,0
9012,none,0
9013,none,0
9014,none,0
9015,silent_failure,1
9016,none,0
9017,none,0
9018,none,0
9019,silent_failure,1
9020,none,0
9021,none,0
9022,none,0
9023,none,0
9024,none,0
9025,none,0
9026,none,0
9027,none,0
9028,none,0
9029,none,0
9030,none,0
9031,none,0
9032,none,0
9033,none,0
9034,none,0
9035,none,0
9036,none,0
9037,none,0
9038,none,0
9039,none,0
9040,none,0
9041,none,0
9042,none,0
9043,none,0
9044,none,0
9045,none,0
9046,none,0
9047,none,0
9048,none,0
9049,none,0
9050,none,0
9051,silent_failure,1
9052,none,0
9053,none,0
9054,none,0
9055,none,0
9056,none,0
9057,none,0
9058,none,0
9059,none,0
9060,none,0
9061,none,0
9062,silent_failure,1
9063,none,0
9064,none,0
9065,none,0
9066,silent_failure,1
9067,none,0
9068,none,0
9069,none,0
9070,none,0
9071,none,0
9072,none,0
9073,none,0
9074,none,0
9075,none,0
9076,none,0
9077,none,0
9078,none,0
9079,none,0
9080,none,0
9081,none,0
9082,none,0
9083,none,0
9084,none,0
9085,none,0
9086,none,0
9087,none,0
9088,none,0
9089,none,0
9090,none,0
9091,none,0
9092,none,0
9093,none,0
9094,none,0
9095,sensor_glitch,1
9096,silent_failure,1
9097,none,0
9098,none,0
9099,none,0
9100,none,0
9101,none,0
9102,none,0
9103,none,0
9104,none,0
9105,none,0
9106,none,0
9107,none,0
9108,none,0
9109,none,0
9110,none,0
9111,none,0
9112,none,0
9113,none,0
9114,none,0
9115,none,0
9116,none,0
9117,none,0
9118,none,0
9119,none,0
9120,none,0
9121,none,0
9122,none,0
9123,none,0
9124,none,0
9125,none,0
9126,none,0
9127,none,0
9128,none,0
9129,none,0
9130,none,0
9131,none,0
9132,none,0
9133,none,0
9134,none,0
9135,none,0
9136,none,0
9137,none,0
9138,none,0
9139,none,0
9140,none,0
9141,none,0
9142,none,0
9143,none,0
9144,none,0
9145,none,0
9146,none,0
9147,sensor_glitch,1
9148,none,0
9149,none,0
9150,none,0
9151,none,0
9152,none,0
9153,none,0
9154,none,0
9155,none,0
9156,none,0
9157,none,0
9158,none,0
9159,none,0
9160,none,0
9161,none,0
9162,sensor_glitch,1
9163,none,0
9164,none,0
9165,none,0
9166,none,0
9167,none,0
9168,none,0
9169,none,0
9170,none,0
9171,none,0
9172,none,0
9173,none,0
9174,none,0
9175,none,0
9176,none,0
9177,none,0
9178,none,0
9179,silent_failure,1
9180,none,0
9181,none,0
9182,none,0
9183,none,0
9184,none,0
9185,none,0
9186,none,0
9187,none,0
9188,none,0
9189,none,0
9190,none,0
9191,none,0
9192,none,0
9193,none,0
9194,none,0
9195,none,0
9196,none,0
9197,none,0
9198,none,0
9199,none,0
9200,none,0
9201,none,0
9202,none,0
9203,none,0
9204,none,0
9205,none,0
9206,none,0
9207,none,0
9208,none,0
9209,none,0
9210,none,0
9211,none,0
9212,none,0
9213,none,0
9214,none,0
9215,none,0
9216,none,0
9217,none,0
9218,none,0
9219,none,0
9220,none,0
9221,none,0
9222,none,0
9223,none,0
9224,none,0
9225,none,0
9226,none,0
9227,none,0
9228,none,0
9229,none,0
9230,none,0
9231,none,0
9232,none,0
9233,none,0
9234,none,0
9235,none,0
9236,none,0
9237,none,0
9238,none,0
9239,none,0
9240,none,0
9241,none,0
9242,none,0
9243,none,0
9244,none,0
9245,none,0
9246,none,0
9247,none,0
9248,none,0
9249,none,0
9250,none,0
9251,none,0
9252,silent_failure,1
9253,none,0
9254,none,0
9255,none,0
9256,none,0
9257,none,0
9258,none,0
9259,none,0
9260,none,0
9261,none,0
9262,none,0
9263,none,0
9264,none,0
9265,none,0
9266,none,0
9267,none,0
9268,none,0
9269,none,0
9270,none,0
9271,none,0
9272,none,0
9273,silent_failure,1
9274,none,0
9275,none,0
9276,none,0
9277,none,0
9278,none,0
9279,none,0
9280,none,0
9281,none,0
9282,none,0
9283,none,0
9284,none,0
9285,none,0
9286,none,0
9287,none,0
9288,none,0
9289,none,0
9290,silent_failure,1
9291,none,0
9292,none,0
9293,none,0
9294,none,0
9295,none,0
9296,none,0
9297,none,0
9298,none,0
9299,sensor_glitch,1
9300,none,0
9301,none,0
9302,none,0
9303,none,0
9304,none,0
9305,none,0
9306,none,0
9307,sensor_glitch,1
9308,none,0
9309,none,0
9310,none,0
9311,none,0
9312,none,0
9313,none,0
9314,none,0
9315,none,0
9316,none,0
9317,none,0
9318,none,0
9319,none,0
9320,none,0
9321,none,0
9322,sensor_glitch,1
9323,none,0
9324,none,0
9325,none,0
9326,none,0
9327,none,0
9328,none,0
9329,none,0
9330,none,0
9331,none,0
9332,none,0
9333,none,0
9334,none,0
9335,none,0
9336,none,0
9337,none,0
9338,none,0
9339,none,0
9340,none,0
9341,none,0
9342,none,0
9343,none,0
9344,silent_failure,1
9345,none,0
9346,none,0
9347,none,0
9348,none,0
9349,none,0
9350,none,0
9351,none,0
9352,none,0
9353,none,0
9354,none,0
9355,none,0
9356,none,0
9357,none,0
9358,none,0
9359,none,0
9360,silent_failure,1
9361,none,0
9362,none,0
9363,none,0
9364,none,0
9365,none,0
9366,none,0
9367,none,0
9368,none,0
9369,none,0
9370,none,0
9371,none,0
9372,none,0
9373,none,0
9374,none,0
9375,none,0
9376,none,0
9377,none,0
9378,none,0
9379,none,0
9380,none,0
9381,none,0
9382,none,0
9383,none,0
9384,none,0
9385,none,0
9386,none,0
9387,none,0
9388,none,0
9389,none,0
9390,none,0
9391,none,0
9392,none,0
9393,none,0
9394,none,0
9395,none,0
9396,none,0
9397,none,0
9398,none,0
9399,none,0
9400,none,0
9401,none,0
9402,none,0
9403,none,0
9404,none,0
9405,none,0
9406,none,0
9407,none,0
9408,none,0
9409,none,0
9410,none,0
9411,none,0
9412,none,0
9413,none,0
9414,none,0
9415,none,0
9416,none,0
9417,none,0
9418,none,0
9419,none,0
9420,none,0
9421,none,0
9422,none,0
9423,none,0
9424,none,0
9425,none,0
9426,none,0
9427,none,0
9428,none,0
9429,none,0
9430,none,0
9431,none,0
9432,none,0
9433,none,0
9434,none,0
9435,silent_failure,1
9436,none,0
9437,none,0
9438,none,0
9439,none,0
9440,none,0
9441,none,0
9442,none,0
9443,none,0
9444,none,0
9445,none,0
9446,none,0
9447,none,0
9448,none,0
9449,none,0
9450,none,0
9451,none,0
9452,none,0
9453,none,0
9454,silent_failure,1
9455,none,0
9456,none,0
9457,none,0
9458,none,0
9459,none,0
9460,none,0
9461,none,0
9462,none,0
9463,none,0
9464,none,0
9465,none,0
9466,none,0
9467,none,0
9468,none,0
9469,none,0
9470,none,0
9471,none,0
9472,none,0
9473,none,0
9474,none,0
9475,none,0
9476,none,0
9477,none,0
9478,none,0
9479,none,0
9480,none,0
9481,silent_failure,1
9482,none,0
9483,none,0
9484,none,0
9485,none,0
9486,none,0
9487,none,0
9488,none,0
9489,none,0
9490,none,0
9491,none,0
9492,none,0
9493,none,0
9494,none,0
9495,none,0
9496,none,0
9497,none,0
9498,none,0
9499,none,0
9500,none,0
9501,none,0
9502,none,0
9503,none,0
9504,none,0
9505,none,0
9506,none,0
9507,none,0
9508,none,0
9509,none,0
9510,none,0
9511,none,0
9512,none,0
9513,none,0
9514,none,0
9515,none,0
9516,none,0
9517,none,0
9518,none,0
9519,none,0
9520,silent_failure,1
9521,none,0
9522,none,0
9523,none,0
9524,none,0
9525,none,0
9526,none,0
9527,none,0
9528,none,0
9529,none,0
9530,none,0
9531,none,0
9532,silent_failure,1
9533,none,0
9534,none,0
9535,none,0
9536,none,0
9537,none,0
9538,none,0
9539,none,0
9540,none,0
9541,none,0
9542,none,0
9543,none,0
9544,none,0
9545,none,0
9546,none,0
9547,none,0
9548,none,0
9549,none,0
9550,none,0
9551,none,0
9552,none,0
9553,none,0
9554,none,0
9555,none,0
9556,none,0
9557,none,0
9558,none,0
9559,none,0
9560,none,0
9561,none,0
9562,none,0
9563,none,0
9564,none,0
9565,none,0
9566,none,0
9567,none,0
9568,none,0
9569,none,0
9570,none,0
9571,none,0
9572,none,0
9573,none,0
9574,none,0
9575,none,0
9576,none,0
9577,none,0
9578,none,0
9579,none,0
9580,none,0
9581,none,0
9582,none,0
9583,none,0
9584,none,0
9585,none,0
9586,none,0
9587,sensor_glitch,1
9588,none,0
9589,none,0
9590,none,0
9591,none,0
9592,none,0
9593,none,0
9594,none,0
9595,none,0
9596,none,0
9597,none,0
9598,none,0
9599,none,0
9600,none,0
9601,none,0
9602,none,0
9603,none,0
9604,none,0
9605,none,0
9606,none,0
9607,none,0
9608,none,0
9609,none,0
9610,none,0
9611,none,0
9612,none,0
9613,none,0
9614,none,0
9615,none,0
9616,none,0
9617,none,0
9618,none,0
9619,none,0
9620,none,0
9621,none,0
9622,none,0
9623,none,0
9624,none,0
9625,none,0
9626,none,0
9627,none,0
9628,none,0
9629,none,0
9630,none,0
9631,none,0
9632,none,0
9633,none,0
9634,none,0
9635,none,0
9636,none,0
9637,none,0
9638,none,0
9639,none,0
9640,none,0
9641,none,0
9642,none,0
9643,none,0
9644,none,0
9645,none,0
9646,none,0
9647,none,0
9648,sensor_glitch,1
9649,none,0
9650,none,0
9651,none,0
9652,none,0
9653,none,0
9654,none,0
9655,sensor_glitch,1
9656,none,0
9657,none,0
9658,none,0
9659,none,0
9660,none,0
9661,none,0
9662,none,0
9663,none,0
9664,none,0
9665,none,0
9666,none,0
9667,none,0
9668,none,0
9669,none,0
9670,none,0
9671,none,0
9672,none,0
9673,none,0
9674,none,0
9675,none,0
9676,none,0
9677,none,0
9678,none,0
9679,none,0
9680,none,0
9681,silent_failure,1
9682,none,0
9683,none,0
9684,silent_failure,1
9685,none,0
9686,none,0
9687,none,0
9688,none,0
9689,none,0
9690,none,0
9691,none,0
9692,none,0
9693,none,0
9694,none,0
9695,none,0
9696,none,0
9697,none,0
9698,sensor_glitch,1
9699,none,0
9700,none,0
9701,none,0
9702,none,0
9703,none,0
9704,sensor_glitch,1
9705,none,0
9706,none,0
9707,none,0
9708,none,0
9709,none,0
9710,none,0
9711,none,0
9712,none,0
9713,none,0
9714,none,0
9715,none,0
9716,none,0
9717,none,0
9718,none,0
9719,none,0
9720,none,0
9721,none,0
9722,none,0
9723,none,0
9724,none,0
9725,none,0
9726,none,0
9727,none,0
9728,none,0
9729,sensor_glitch,1
9730,none,0
9731,none,0
9732,none,0
9733,none,0
9734,none,0
9735,none,0
9736,none,0
9737,none,0
9738,none,0
9739,none,0
9740,none,0
9741,none,0
9742,none,0
9743,none,0
9744,none,0
9745,none,0
9746,none,0
9747,none,0
9748,none,0
9749,none,0
9750,none,0
9751,none,0
9752,none,0
9753,none,0
9754,none,0
9755,none,0
9756,none,0
9757,none,0
9758,none,0
9759,none,0
9760,none,0
9761,none,0
9762,none,0
9763,none,0
9764,none,0
9765,none,0
9766,none,0
9767,sensor_glitch,1
9768,none,0
9769,none,0
9770,none,0
9771,none,0
9772,none,0
9773,none,0
9774,none,0
9775,none,0
9776,silent_failure,1
9777,none,0
9778,none,0
9779,none,0
9780,sensor_glitch,1
9781,none,0
9782,none,0
9783,none,0
9784,none,0
9785,none,0
9786,none,0
9787,none,0
9788,none,0
9789,none,0
9790,none,0
9791,none,0
9792,none,0
9793,none,0
9794,none,0
9795,none,0
9796,none,0
9797,none,0
9798,none,0
9799,none,0
9800,none,0
9801,none,0
9802,none,0
9803,none,0
9804,none,0
9805,none,0
9806,silent_failure,1
9807,none,0
9808,none,0
9809,none,0
9810,none,0
9811,none,0
9812,none,0
9813,none,0
9814,none,0
9815,none,0
9816,none,0
9817,none,0
9818,none,0
9819,sensor_glitch,1
9820,none,0
9821,none,0
9822,none,0
9823,none,0
9824,none,0
9825,none,0
9826,none,0
9827,none,0
9828,none,0
9829,none,0
9830,none,0
9831,none,0
9832,none,0
9833,none,0
9834,none,0
9835,none,0
9836,none,0
9837,none,0
9838,none,0
9839,none,0
9840,none,0
9841,none,0
9842,none,0
9843,none,0
9844,sensor_glitch,1
9845,none,0
9846,none,0
9847,none,0
9848,none,0
9849,none,0
9850,none,0
9851,none,0
9852,none,0
9853,none,0
9854,none,0
9855,none,0
9856,none,0
9857,silent_failure,1
9858,none,0
9859,none,0
9860,none,0
9861,none,0
9862,none,0
9863,none,0
9864,none,0
9865,none,0
9866,none,0
9867,none,0
9868,none,0
9869,none,0
9870,none,0
9871,none,0
9872,none,0
9873,none,0
9874,silent_failure,1
9875,none,0
9876,none,0
9877,none,0
9878,none,0
9879,none,0
9880,none,0
9881,none,0
9882,none,0
9883,none,0
9884,none,0
9885,none,0
9886,none,0
9887,none,0
9888,none,0
9889,none,0
9890,none,0
9891,none,0
9892,sensor_glitch,1
9893,none,0
9894,none,0
9895,none,0
9896,none,0
9897,none,0
9898,none,0
9899,none,0
9900,none,0
9901,none,0
9902,silent_failure,1
9903,none,0
9904,none,0
9905,none,0
9906,none,0
9907,none,0
9908,none,0
9909,none,0
9910,none,0
9911,none,0
9912,silent_failure,1
9913,none,0
9914,none,0
9915,none,0
9916,none,0
9917,none,0
9918,none,0
9919,none,0
9920,none,0
9921,none,0
9922,none,0
9923,none,0
9924,none,0
9925,none,0
9926,none,0
9927,none,0
9928,none,0
9929,none,0
9930,none,0
9931,none,0
9932,none,0
9933,none,0
9934,none,0
9935,none,0
9936,none,0
9937,none,0
9938,none,0
9939,none,0
9940,none,0
9941,none,0
9942,none,0
9943,none,0
9944,none,0
9945,none,0
9946,none,0
9947,none,0
9948,none,0
9949,none,0
9950,none,0
9951,none,0
9952,none,0
9953,none,0
9954,none,0
9955,none,0
9956,none,0
9957,none,0
9958,none,0
9959,none,0
9960,none,0
9961,none,0
9962,none,0
9963,none,0
9964,none,0
9965,none,0
9966,none,0
9967,none,0
9968,none,0
9969,none,0
9970,none,0
9971,none,0
9972,none,0
9973,none,0
9974,none,0
9975,none,0
9976,none,0
9977,none,0
9978,none,0
9979,none,0
9980,silent_failure,1
9981,none,0
9982,silent_failure,1
9983,none,0
9984,none,0
9985,none,0
9986,none,0
9987,silent_failure,1
9988,none,0
9989,none,0
9990,none,0
9991,none,0
9992,none,0
9993,none,0
9994,none,0
9995,none,0
9996,none,0
9997,none,0
9998,silent_failure,1
9999,none,0
10000,none,0
10001,none,0
10002,none,0
10003,none,0
10004,none,0
10005,none,0
10006,none,0
10007,none,0
10008,none,0
10009,none,0
10010,none,0
10011,none,0
10012,none,0
10013,none,0
10014,none,0
10015,none,0
10016,none,0
10017,none,0
10018,none,0
10019,none,0
10020,none,0
10021,none,0
10022,none,0
10023,none,0
10024,none,0
10025,none,0
10026,none,0
10027,none,0
10028,none,0
10029,none,0
10030,none,0
10031,none,0
10032,none,0
10033,none,0
10034,none,0
10035,none,0
10036,none,0
10037,none,0
10038,none,0
10039,none,0
10040,none,0
10041,none,0
10042,none,0
10043,none,0
10044,none,0
10045,none,0
10046,none,0
10047,none,0
10048,none,0
10049,none,0
10050,none,0
10051,none,0
10052,none,0
10053,none,0
10054,none,0
10055,none,0
10056,none,0
10057,none,0
10058,none,0
10059,none,0
10060,none,0
10061,none,0
10062,none,0
10063,none,0
10064,none,0
10065,none,0
10066,none,0
10067,none,0
10068,none,0
10069,none,0
10070,none,0
10071,none,0
10072,none,0
10073,none,0
10074,none,0
10075,none,0
10076,none,0
10077,none,0
10078,none,0
10079,none,0
10080,none,0
10081,none,0
10082,none,0
10083,none,0
10084,none,0
10085,none,0
10086,none,0
10087,none,0
10088,none,0
10089,none,0
10090,none,0
10091,none,0
10092,none,0
10093,none,0
10094,none,0
10095,none,0
10096,none,0
10097,none,0
10098,none,0
10099,none,0
10100,none,0
10101,none,0
10102,none,0
10103,none,0
10104,none,0
10105,none,0
10106,none,0
10107,none,0
10108,none,0
10109,none,0
10110,none,0
10111,none,0
10112,none,0
10113,none,0
10114,none,0
10115,none,0
10116,none,0
10117,none,0
10118,none,0
10119,none,0
10120,none,0
10121,none,0
10122,none,0
10123,none,0
10124,none,0
10125,none,0
10126,none,0
10127,none,0
10128,none,0
10129,none,0
10130,none,0
10131,none,0
10132,none,0
10133,none,0
10134,none,0
10135,none,0
10136,none,0
10137,none,0
10138,none,0
10139,none,0
10140,none,0
10141,none,0
10142,none,0
10143,none,0
10144,none,0
10145,none,0
10146,none,0
10147,none,0
10148,none,0
10149,none,0
10150,none,0
10151,none,0
10152,none,0
10153,none,0
10154,none,0
10155,none,0
10156,none,0
10157,none,0
10158,none,0
10159,none,0
10160,none,0
10161,none,0
10162,none,0
10163,none,0
10164,none,0
10165,none,0
10166,none,0
10167,none,0
10168,none,0
10169,none,0
10170,none,0
10171,none,0
10172,none,0
10173,none,0
10174,none,0
10175,none,0
10176,none,0
10177,none,0
10178,none,0
10179,none,0
10180,none,0
10181,none,0
10182,none,0
10183,none,0
10184,none,0
10185,none,0
10186,none,0
10187,none,0
10188,none,0
10189,none,0
10190,none,0
10191,none,0
10192,none,0
10193,none,0
10194,none,0
10195,none,0
10196,none,0
10197,none,0
10198,none,0
10199,none,0
10200,none,0
10201,none,0
10202,none,0
10203,none,0
10204,none,0
10205,none,0
10206,none,0
10207,none,0
10208,none,0
10209,none,0
10210,none,0
10211,none,0
10212,none,0
10213,none,0
10214,none,0
10215,none,0
10216,none,0
10217,none,0
10218,none,0
10219,none,0
10220,none,0
10221,none,0
10222,none,0
10223,none,0
10224,none,0
10225,none,0
10226,none,0
10227,none,0
10228,none,0
10229,none,0
10230,none,0
10231,none,0
10232,none,0
10233,none,0
10234,none,0
10235,none,0
10236,none,0
10237,none,0
10238,none,0
10239,none,0
10240,none,0
10241,none,0
10242,none,0
10243,none,0
10244,none,0
10245,none,0
10246,none,0
10247,none,0
10248,none,0
10249,none,0
10250,none,0
10251,none,0
10252,none,0
10253,none,0
10254,none,0
10255,none,0
10256,none,0
10257,none,0
10258,none,0
10259,none,0
10260,none,0
10261,none,0
10262,none,0
10263,none,0
10264,none,0
10265,none,0
10266,none,0
10267,none,0
10268,none,0
10269,none,0
10270,none,0
10271,none,0
10272,none,0
10273,none,0
10274,none,0
10275,none,0
10276,none,0
10277,none,0
10278,none,0
10279,none,0
10280,none,0
10281,none,0
10282,none,0
10283,none,0
10284,none,0
10285,none,0
10286,none,0
10287,none,0
10288,none,0
10289,none,0
10290,none,0
10291,none,0
10292,none,0
10293,none,0
10294,none,0
10295,none,0
10296,none,0
10297,none,0
10298,none,0
10299,none,0
10300,none,0
10301,none,0
10302,none,0
10303,none,0
10304,none,0
10305,none,0
10306,none,0
10307,none,0
10308,none,0
10309,none,0
10310,none,0
10311,none,0
10312,none,0
10313,none,0
10314,none,0
10315,none,0
10316,none,0
10317,none,0
10318,none,0
10319,none,0
10320,none,0
10321,none,0
10322,none,0
10323,none,0
10324,none,0
10325,none,0
10326,none,0
10327,none,0
10328,none,0
10329,none,0
10330,none,0
10331,none,0
10332,none,0
10333,none,0
10334,none,0
10335,none,0
10336,none,0
10337,none,0
10338,none,0
10339,none,0
10340,none,0
10341,none,0
10342,none,0
10343,none,0
10344,none,0
10345,none,0
10346,none,0
10347,none,0
10348,none,0
10349,none,0
10350,none,0
10351,none,0
10352,none,0
10353,none,0
10354,none,0
10355,none,0
10356,none,0
10357,none,0
10358,none,0
10359,none,0
10360,none,0
10361,none,0
10362,none,0
10363,none,0
10364,none,0
10365,none,0
10366,none,0
10367,none,0
10368,none,0
10369,none,0
10370,none,0
10371,none,0
10372,none,0
10373,none,0
10374,none,0
10375,none,0
10376,none,0
10377,none,0
10378,none,0
10379,none,0
10380,none,0
10381,none,0
10382,none,0
10383,none,0
10384,none,0
10385,none,0
10386,none,0
10387,none,0
10388,none,0
10389,none,0
10390,none,0
10391,none,0
10392,none,0
10393,none,0
10394,none,0
10395,none,0
10396,none,0
10397,none,0
10398,none,0
10399,none,0
10400,none,0
10401,none,0
10402,none,0
10403,none,0
10404,none,0
10405,none,0
10406,none,0
10407,none,0
10408,none,0
10409,none,0
10410,none,0
10411,none,0
10412,none,0
10413,none,0
10414,none,0
10415,none,0
10416,none,0
10417,none,0
10418,none,0
10419,none,0
10420,none,0
10421,none,0
10422,none,0
10423,none,0
10424,none,0
10425,none,0
10426,none,0
10427,none,0
10428,none,0
10429,none,0
10430,none,0
10431,none,0
10432,none,0
10433,none,0
10434,none,0
10435,none,0
10436,none,0
10437,none,0
10438,none,0
10439,none,0
10440,none,0
10441,none,0
10442,none,0
10443,none,0
10444,none,0
10445,none,0
10446,none,0
10447,none,0
10448,none,0
10449,none,0
10450,none,0
10451,none,0
10452,none,0
10453,none,0
10454,none,0
10455,none,0
10456,none,0
10457,none,0
10458,none,0
10459,none,0
10460,none,0
10461,none,0
10462,none,0
10463,none,0
10464,none,0
10465,none,0
10466,none,0
10467,none,0
10468,none,0
10469,none,0
10470,none,0
10471,none,0
10472,none,0
10473,none,0
10474,none,0
10475,none,0
10476,none,0
10477,none,0
10478,none,0
10479,none,0
10480,none,0
10481,none,0
10482,none,0
10483,none,0
10484,none,0
10485,none,0
10486,none,0
10487,none,0
10488,none,0
10489,none,0
10490,none,0
10491,none,0
10492,none,0
10493,none,0
10494,none,0
10495,none,0
10496,none,0
10497,none,0
10498,none,0
10499,none,0
10500,none,0
10501,none,0
10502,none,0
10503,none,0
10504,none,0
10505,none,0
10506,none,0
10507,none,0
10508,none,0
10509,none,0
10510,none,0
10511,none,0
10512,none,0
10513,none,0
10514,none,0
10515,none,0
10516,none,0
10517,none,0
10518,none,0
10519,none,0
10520,none,0
10521,none,0
10522,none,0
10523,none,0
10524,none,0
10525,none,0
10526,none,0
10527,none,0
10528,none,0
10529,none,0
10530,none,0
10531,none,0
10532,none,0
10533,none,0
10534,none,0
10535,none,0
10536,none,0
10537,none,0
10538,none,0
10539,none,0
10540,none,0
10541,none,0
10542,none,0
10543,none,0
10544,none,0
10545,none,0
10546,none,0
10547,none,0
10548,none,0
10549,none,0
10550,none,0
10551,none,0
10552,none,0
10553,none,0
10554,none,0
10555,none,0
10556,none,0
10557,none,0
10558,none,0
10559,none,0
10560,none,0
10561,none,0
10562,none,0
10563,none,0
10564,none,0
10565,none,0
10566,none,0
10567,none,0
10568,none,0
10569,none,0
10570,none,0
10571,none,0
10572,none,0
10573,none,0
10574,none,0
10575,none,0
10576,none,0
10577,none,0
10578,none,0
10579,none,0
10580,none,0
10581,none,0
10582,none,0
10583,none,0
10584,none,0
10585,none,0
10586,none,0
10587,none,0
10588,none,0
10589,none,0
10590,none,0
10591,none,0
10592,none,0
10593,none,0
10594,none,0
10595,none,0
10596,none,0
10597,none,0
10598,none,0
10599,none,0
10600,none,0
10601,none,0
10602,none,0
10603,none,0
10604,none,0
10605,none,0
10606,none,0
10607,none,0
10608,none,0
10609,none,0
10610,none,0
10611,none,0
10612,none,0
10613,none,0
10614,none,0
10615,none,0
10616,none,0
10617,none,0
10618,none,0
10619,none,0
10620,none,0
10621,none,0
10622,none,0
10623,none,0
10624,none,0
10625,none,0
10626,none,0
10627,none,0
10628,none,0
10629,none,0
10630,none,0
10631,none,0
10632,none,0
10633,none,0
10634,none,0
10635,none,0
10636,none,0
10637,none,0
10638,none,0
10639,none,0
10640,none,0
10641,none,0
10642,none,0
10643,none,0
10644,none,0
10645,none,0
10646,none,0
10647,none,0
10648,none,0
10649,none,0
10650,none,0
10651,none,0
10652,none,0
10653,none,0
10654,none,0
10655,none,0
10656,none,0
10657,none,0
10658,none,0
10659,none,0
10660,none,0
10661,none,0
10662,none,0
10663,none,0
10664,none,0
10665,none,0
10666,none,0
10667,none,0
10668,none,0
10669,none,0
10670,none,0
10671,none,0
10672,none,0
10673,none,0
10674,none,0
10675,none,0
10676,none,0
10677,none,0
10678,none,0
10679,none,0
10680,none,0
10681,none,0
10682,none,0
10683,none,0
10684,none,0
10685,none,0
10686,none,0
10687,none,0
10688,none,0
10689,none,0
10690,none,0
10691,none,0
10692,none,0
10693,none,0
10694,none,0
10695,none,0
10696,none,0
10697,none,0
10698,none,0
10699,none,0
10700,none,0
10701,none,0
10702,none,0
10703,none,0
10704,none,0
10705,none,0
10706,none,0
10707,none,0
10708,none,0
10709,none,0
10710,none,0
10711,none,0
10712,none,0
10713,none,0
10714,none,0
10715,none,0
10716,none,0
10717,none,0
10718,none,0
10719,none,0
10720,none,0
10721,none,0
10722,none,0
10723,none,0
10724,none,0
10725,none,0
10726,none,0
10727,none,0
10728,none,0
10729,none,0
10730,none,0
10731,none,0
10732,none,0
10733,none,0
10734,none,0
10735,none,0
10736,none,0
10737,none,0
10738,none,0
10739,none,0
10740,none,0
10741,none,0
10742,none,0
10743,none,0
10744,none,0
10745,none,0
10746,none,0
10747,none,0
10748,none,0
10749,none,0
10750,none,0
10751,none,0
10752,none,0
10753,none,0
10754,none,0
10755,none,0
10756,none,0
10757,none,0
10758,none,0
10759,none,0
10760,none,0
10761,none,0
10762,none,0
10763,none,0
10764,none,0
10765,none,0
10766,none,0
10767,none,0
10768,none,0
10769,none,0
10770,none,0
10771,none,0
10772,none,0
10773,none,0
10774,none,0
10775,none,0
10776,none,0
10777,none,0
10778,none,0
10779,none,0
10780,none,0
10781,none,0
10782,none,0
10783,none,0
10784,none,0
10785,none,0
10786,none,0
10787,none,0
10788,none,0
10789,none,0
10790,none,0
10791,none,0
10792,none,0
10793,none,0
10794,none,0
10795,none,0
10796,none,0
10797,none,0
10798,none,0
10799,none,0
10800,none,0
10801,none,0
10802,none,0
10803,none,0
10804,none,0
10805,none,0
10806,none,0
10807,none,0
10808,none,0
10809,none,0
10810,none,0
10811,none,0
10812,none,0
10813,none,0
10814,none,0
10815,none,0
10816,none,0
10817,none,0
10818,none,0
10819,none,0
10820,none,0
10821,none,0
10822,none,0
10823,none,0
10824,none,0
10825,none,0
10826,none,0
10827,none,0
10828,none,0
10829,none,0
10830,none,0
10831,none,0
10832,none,0
10833,none,0
10834,none,0
10835,none,0
10836,none,0
10837,none,0
10838,none,0
10839,none,0
10840,none,0
10841,none,0
10842,none,0
10843,none,0
10844,none,0
10845,none,0
10846,none,0
10847,none,0
10848,none,0
10849,none,0
10850,none,0
10851,none,0
10852,none,0
10853,none,0
10854,none,0
10855,none,0
10856,none,0
10857,none,0
10858,none,0
10859,none,0
10860,none,0
10861,none,0
10862,none,0
10863,none,0
10864,none,0
10865,none,0
10866,none,0
10867,none,0
10868,none,0
10869,none,0
10870,none,0
10871,none,0
10872,none,0
10873,none,0
10874,none,0
10875,none,0
10876,none,0
10877,none,0
10878,none,0
10879,none,0
10880,none,0
10881,none,0
10882,none,0
10883,none,0
10884,none,0
10885,none,0
10886,none,0
10887,none,0
10888,none,0
10889,none,0
10890,none,0
10891,none,0
10892,none,0
10893,none,0
10894,none,0
10895,none,0
10896,none,0
10897,none,0
10898,none,0
10899,none,0
10900,none,0
10901,none,0
10902,none,0
10903,none,0
10904,none,0
10905,none,0
10906,none,0
10907,none,0
10908,none,0
10909,none,0
10910,none,0
10911,none,0
10912,none,0
10913,none,0
10914,none,0
10915,none,0
10916,none,0
10917,none,0
10918,none,0
10919,none,0
10920,none,0
10921,none,0
10922,none,0
10923,none,0
10924,none,0
10925,none,0
10926,none,0
10927,none,0
10928,none,0
10929,none,0
10930,none,0
10931,none,0
10932,none,0
10933,none,0
10934,none,0
10935,none,0
10936,none,0
10937,none,0
10938,none,0
10939,none,0
10940,none,0
10941,none,0
10942,none,0
10943,none,0
10944,none,0
10945,none,0
10946,none,0
10947,none,0
10948,none,0
10949,none,0
10950,none,0
10951,none,0
10952,none,0
10953,none,0
10954,none,0
10955,none,0
10956,none,0
10957,none,0
10958,none,0
10959,none,0
10960,none,0
10961,none,0
10962,none,0
10963,none,0
10964,none,0
10965,none,0
10966,none,0
10967,none,0
10968,none,0
10969,none,0
10970,none,0
10971,none,0
10972,none,0
10973,none,0
10974,none,0
10975,none,0
10976,none,0
10977,none,0
10978,none,0
10979,none,0
10980,none,0
10981,none,0
10982,none,0
10983,none,0
10984,none,0
10985,none,0
10986,none,0
10987,none,0
10988,none,0
10989,none,0
10990,none,0
10991,none,0
10992,none,0
10993,none,0
10994,none,0
10995,none,0
10996,none,0
10997,none,0
10998,none,0
10999,none,0
11000,none,0
11001,none,0
11002,none,0
11003,none,0
11004,none,0
11005,none,0
11006,none,0
11007,none,0
11008,none,0
11009,none,0
11010,none,0
11011,none,0
11012,none,0
11013,none,0
11014,none,0
11015,none,0
11016,none,0
11017,none,0
11018,none,0
11019,none,0
11020,none,0
11021,none,0
11022,none,0
11023,none,0
11024,none,0
11025,none,0
11026,none,0
11027,none,0
11028,none,0
11029,none,0
11030,none,0
11031,none,0
11032,none,0
11033,none,0
11034,none,0
11035,none,0
11036,none,0
11037,none,0
11038,none,0
11039,none,0
11040,none,0
11041,none,0
11042,none,0
11043,none,0
11044,none,0
11045,none,0
11046,none,0
11047,none,0
11048,none,0
11049,none,0
11050,none,0
11051,none,0
11052,none,0
11053,none,0
11054,none,0
11055,none,0
11056,none,0
11057,none,0
11058,none,0
11059,none,0
11060,none,0
11061,none,0
11062,none,0
11063,none,0
11064,none,0
11065,none,0
11066,none,0
11067,none,0
11068,none,0
11069,none,0
11070,none,0
11071,none,0
11072,none,0
11073,none,0
11074,none,0
11075,none,0
11076,none,0
11077,none,0
11078,none,0
11079,none,0
11080,none,0
11081,none,0
11082,none,0
11083,none,0
11084,none,0
11085,none,0
11086,none,0
11087,none,0
11088,none,0
11089,none,0
11090,none,0
11091,none,0
11092,none,0
11093,none,0
11094,none,0
11095,none,0
11096,none,0
11097,none,0
11098,none,0
11099,none,0
11100,none,0
11101,none,0
11102,none,0
11103,none,0
11104,none,0
11105,none,0
11106,none,0
11107,none,0
11108,none,0
11109,none,0
11110,none,0
11111,none,0
11112,none,0
11113,none,0
11114,none,0
11115,none,0
11116,none,0
11117,none,0
11118,none,0
11119,none,0
11120,none,0
11121,none,0
11122,none,0
11123,none,0
11124,none,0
11125,none,0
11126,none,0
11127,none,0
11128,none,0
11129,none,0
11130,none,0
11131,none,0
11132,none,0
11133,none,0
11134,none,0
11135,none,0
11136,none,0
11137,none,0
11138,none,0
11139,none,0
11140,none,0
11141,none,0
11142,none,0
11143,none,0
11144,none,0
11145,none,0
11146,none,0
11147,none,0
11148,none,0
11149,none,0
11150,none,0
11151,none,0
11152,none,0
11153,none,0
11154,none,0
11155,none,0
11156,none,0
11157,none,0
11158,none,0
11159,none,0
11160,none,0
11161,none,0
11162,none,0
11163,none,0
11164,none,0
11165,none,0
11166,none,0
11167,none,0
11168,none,0
11169,none,0
11170,none,0
11171,none,0
11172,none,0
11173,none,0
11174,none,0
11175,none,0
11176,none,0
11177,none,0
11178,none,0
11179,none,0
11180,none,0
11181,none,0
11182,none,0
11183,none,0
11184,none,0
11185,none,0
11186,none,0
11187,none,0
11188,none,0
11189,none,0
11190,none,0
11191,none,0
11192,none,0
11193,none,0
11194,none,0
11195,none,0
11196,none,0
11197,none,0
11198,none,0
11199,none,0
11200,none,0
11201,none,0
11202,none,0
11203,none,0
11204,none,0
11205,none,0
11206,none,0
11207,none,0
11208,none,0
11209,none,0
11210,none,0
11211,none,0
11212,none,0
11213,none,0
11214,none,0
11215,none,0
11216,none,0
11217,none,0
11218,none,0
11219,none,0
11220,none,0
11221,none,0
11222,none,0
11223,none,0
11224,none,0
11225,none,0
11226,none,0
11227,none,0
11228,none,0
11229,none,0
11230,none,0
11231,none,0
11232,none,0
11233,none,0
11234,none,0
11235,none,0
11236,none,0
11237,none,0
11238,none,0
11239,none,0
11240,none,0
11241,none,0
11242,none,0
11243,none,0
11244,none,0
11245,none,0
11246,none,0
11247,none,0
11248,none,0
11249,none,0
11250,none,0
11251,none,0
11252,none,0
11253,none,0
11254,none,0
11255,none,0
11256,none,0
11257,none,0
11258,none,0
11259,none,0
11260,none,0
11261,none,0
11262,none,0
11263,none,0
11264,none,0
11265,none,0
11266,none,0
11267,none,0
11268,none,0
11269,none,0
11270,none,0
11271,none,0
11272,none,0
11273,none,0
11274,none,0
11275,none,0
11276,none,0
11277,none,0
11278,none,0
11279,none,0
11280,none,0
11281,none,0
11282,none,0
11283,none,0
11284,none,0
11285,none,0
11286,none,0
11287,none,0
11288,none,0
11289,none,0
11290,none,0
11291,none,0
11292,none,0
11293,none,0
11294,none,0
11295,none,0
11296,none,0
11297,none,0
11298,none,0
11299,none,0
11300,none,0
11301,none,0
11302,none,0
11303,none,0
11304,none,0
11305,none,0
11306,none,0
11307,none,0
11308,none,0
11309,none,0
11310,none,0
11311,none,0
11312,none,0
11313,none,0
11314,none,0
11315,none,0
11316,none,0
11317,none,0
11318,none,0
11319,none,0
11320,none,0
11321,none,0
11322,none,0
11323,none,0
11324,none,0
11325,none,0
11326,none,0
11327,none,0
11328,none,0
11329,none,0
11330,none,0
11331,none,0
11332,none,0
11333,none,0
11334,none,0
11335,none,0
11336,none,0
11337,none,0
11338,none,0
11339,none,0
11340,none,0
11341,none,0
11342,none,0
11343,none,0
11344,none,0
11345,none,0
11346,none,0
11347,none,0
11348,none,0
11349,none,0
11350,none,0
11351,none,0
11352,none,0
11353,none,0
11354,none,0
11355,none,0
11356,none,0
11357,none,0
11358,none,0
11359,none,0
11360,none,0
11361,none,0
11362,none,0
11363,none,0
11364,none,0
11365,none,0
11366,none,0
11367,none,0
11368,none,0
11369,none,0
11370,none,0
11371,none,0
11372,none,0
11373,none,0
11374,none,0
11375,none,0
11376,none,0
11377,none,0
11378,none,0
11379,none,0
11380,none,0
11381,none,0
11382,none,0
11383,none,0
11384,none,0
11385,none,0
11386,none,0
11387,none,0
11388,none,0
11389,none,0
11390,none,0
11391,none,0
11392,none,0
11393,none,0
11394,none,0
11395,sensor_glitch,1
11396,none,0
11397,none,0
11398,none,0
11399,none,0
11400,none,0
11401,none,0
11402,none,0
11403,none,0
11404,none,0
11405,none,0
11406,none,0
11407,none,0
11408,none,0
11409,none,0
11410,none,0
11411,none,0
11412,none,0
11413,none,0
11414,none,0
11415,none,0
11416,none,0
11417,none,0
11418,none,0
11419,none,0
11420,none,0
11421,none,0
11422,none,0
11423,none,0
11424,none,0
11425,none,0
11426,none,0
11427,none,0
11428,none,0
11429,none,0
11430,none,0
11431,none,0
11432,none,0
11433,none,0
11434,none,0
11435,none,0
11436,none,0
11437,none,0
11438,none,0
11439,none,0
11440,none,0
11441,none,0
11442,sensor_glitch,1
11443,none,0
11444,none,0
11445,none,0
11446,none,0
11447,none,0
11448,none,0
11449,none,0
11450,none,0
11451,none,0
11452,none,0
11453,none,0
11454,none,0
11455,none,0
11456,none,0
11457,none,0
11458,none,0
11459,none,0
11460,none,0
11461,none,0
11462,none,0
11463,none,0
11464,none,0
11465,none,0
11466,none,0
11467,none,0
11468,none,0
11469,none,0
11470,none,0
11471,none,0
11472,none,0
11473,none,0
11474,none,0
11475,none,0
11476,none,0
11477,none,0
11478,none,0
11479,none,0
11480,none,0
11481,none,0
11482,none,0
11483,none,0
11484,none,0
11485,none,0
11486,none,0
11487,none,0
11488,none,0
11489,none,0
11490,none,0
11491,none,0
11492,none,0
11493,none,0
11494,silent_failure,1
11495,none,0
11496,none,0
11497,none,0
11498,none,0
11499,none,0
11500,none,0
11501,none,0
11502,none,0
11503,none,0
11504,none,0
11505,none,0
11506,none,0
11507,none,0
11508,none,0
11509,none,0
11510,none,0
11511,none,0
11512,none,0
11513,silent_failure,1
11514,none,0
11515,none,0
11516,none,0
11517,none,0
11518,none,0
11519,none,0
11520,none,0
11521,silent_failure,1
11522,none,0
11523,none,0
11524,none,0
11525,none,0
11526,none,0
11527,none,0
11528,none,0
11529,none,0
11530,none,0
11531,none,0
11532,none,0
11533,none,0
11534,silent_failure,1
11535,none,0
11536,none,0
11537,none,0
11538,none,0
11539,none,0
11540,none,0
11541,none,0
11542,none,0
11543,silent_failure,1
11544,none,0
11545,none,0
11546,none,0
11547,none,0
11548,none,0
11549,none,0
11550,none,0
11551,none,0
11552,none,0
11553,none,0
11554,none,0
11555,none,0
11556,none,0
11557,none,0
11558,none,0
11559,none,0
11560,none,0
11561,none,0
11562,none,0
11563,none,0
11564,none,0
11565,none,0
11566,none,0
11567,none,0
11568,none,0
11569,none,0
11570,none,0
11571,none,0
11572,none,0
11573,none,0
11574,none,0
11575,none,0
11576,none,0
11577,none,0
11578,none,0
11579,none,0
11580,none,0
11581,none,0
11582,none,0
11583,none,0
11584,none,0
11585,none,0
11586,none,0
11587,none,0
11588,none,0
11589,none,0
11590,none,0
11591,none,0
11592,none,0
11593,none,0
11594,none,0
11595,none,0
11596,none,0
11597,none,0
11598,none,0
11599,none,0
11600,none,0
11601,none,0
11602,none,0
11603,none,0
11604,none,0
11605,silent_failure,1
11606,none,0
11607,none,0
11608,none,0
11609,none,0
11610,none,0
11611,none,0
11612,none,0
11613,none,0
11614,silent_failure,1
11615,none,0
11616,none,0
11617,none,0
11618,none,0
11619,none,0
11620,none,0
11621,none,0
11622,none,0
11623,none,0
11624,none,0
11625,none,0
11626,none,0
11627,none,0
11628,none,0
11629,none,0
11630,sensor_glitch,1
11631,none,0
11632,none,0
11633,none,0
11634,none,0
11635,none,0
11636,none,0
11637,none,0
11638,none,0
11639,none,0
11640,none,0
11641,none,0
11642,none,0
11643,none,0
11644,sensor_glitch,1
11645,none,0
11646,none,0
11647,none,0
11648,none,0
11649,none,0
11650,none,0
11651,none,0
11652,none,0
11653,silent_failure,1
11654,none,0
11655,none,0
11656,none,0
11657,silent_failure,1
11658,none,0
11659,none,0
11660,none,0
11661,none,0
11662,none,0
11663,none,0
11664,none,0
11665,none,0
11666,none,0
11667,none,0
11668,none,0
11669,none,0
11670,none,0
11671,none,0
11672,none,0
11673,none,0
11674,none,0
11675,none,0
11676,none,0
11677,none,0
11678,none,0
11679,none,0
11680,none,0
11681,none,0
11682,none,0
11683,none,0
11684,none,0
11685,none,0
11686,none,0
11687,none,0
11688,none,0
11689,none,0
11690,none,0
11691,none,0
11692,none,0
11693,none,0
11694,none,0
11695,none,0
11696,none,0
11697,none,0
11698,none,0
11699,none,0
11700,none,0
11701,none,0
11702,none,0
11703,none,0
11704,none,0
11705,none,0
11706,none,0
11707,none,0
11708,none,0
11709,none,0
11710,none,0
11711,none,0
11712,none,0
11713,none,0
11714,none,0
11715,none,0
11716,none,0
11717,none,0
11718,none,0
11719,none,0
11720,none,0
11721,none,0
11722,none,0
11723,none,0
11724,none,0
11725,none,0
11726,none,0
11727,none,0
11728,none,0
11729,none,0
11730,none,0
11731,silent_failure,1
11732,silent_failure,1
11733,none,0
11734,none,0
11735,none,0
11736,none,0
11737,none,0
11738,none,0
11739,none,0
11740,none,0
11741,none,0
11742,none,0
11743,none,0
11744,none,0
11745,none,0
11746,none,0
11747,none,0
11748,none,0
11749,none,0
11750,none,0
11751,none,0
11752,none,0
11753,none,0
11754,none,0
11755,none,0
11756,none,0
11757,none,0
11758,none,0
11759,none,0
11760,none,0
11761,none,0
11762,none,0
11763,none,0
11764,sensor_glitch,1
11765,none,0
11766,none,0
11767,none,0
11768,none,0
11769,none,0
11770,none,0
11771,none,0
11772,none,0
11773,none,0
11774,none,0
11775,none,0
11776,none,0
11777,none,0
11778,none,0
11779,none,0
11780,none,0
11781,none,0
11782,none,0
11783,none,0
11784,none,0
11785,none,0
11786,silent_failure,1
11787,none,0
11788,none,0
11789,none,0
11790,sensor_glitch,1
11791,none,0
11792,none,0
11793,none,0
11794,none,0
11795,none,0
11796,none,0
11797,none,0
11798,none,0
11799,none,0
11800,none,0
11801,none,0
11802,none,0
11803,none,0
11804,none,0
11805,none,0
11806,none,0
11807,none,0
11808,none,0
11809,none,0
11810,none,0
11811,none,0
11812,none,0
11813,none,0
11814,none,0
11815,none,0
11816,none,0
11817,none,0
11818,none,0
11819,none,0
11820,none,0
11821,none,0
11822,none,0
11823,none,0
11824,none,0
11825,none,0
11826,none,0
11827,none,0
11828,none,0
11829,none,0
11830,none,0
11831,silent_failure,1
11832,none,0
11833,none,0
11834,none,0
11835,none,0
11836,none,0
11837,none,0
11838,none,0
11839,none,0
11840,none,0
11841,none,0
11842,none,0
11843,none,0
11844,none,0
11845,none,0
11846,none,0
11847,none,0
11848,none,0
11849,none,0
11850,none,0
11851,none,0
11852,none,0
11853,none,0
11854,none,0
11855,none,0
11856,none,0
11857,none,0
11858,none,0
11859,none,0
11860,none,0
11861,none,0
11862,none,0
11863,none,0
11864,none,0
11865,sensor_glitch,1
11866,none,0
11867,none,0
11868,none,0
11869,none,0
11870,none,0
11871,none,0
11872,none,0
11873,none,0
11874,none,0
11875,none,0
11876,none,0
11877,none,0
11878,none,0
11879,none,0
11880,none,0
11881,none,0
11882,none,0
11883,none,0
11884,none,0
11885,none,0
11886,none,0
11887,none,0
11888,none,0
11889,none,0
11890,none,0
11891,none,0
11892,none,0
11893,none,0
11894,none,0
11895,none,0
11896,none,0
11897,none,0
11898,none,0
11899,none,0
11900,none,0
11901,none,0
11902,none,0
11903,none,0
11904,none,0
11905,none,0
11906,none,0
11907,none,0
11908,none,0
11909,none,0
11910,none,0
11911,none,0
11912,none,0
11913,none,0
11914,none,0
11915,none,0
11916,none,0
11917,none,0
11918,none,0
11919,none,0
11920,none,0
11921,none,0
11922,none,0
11923,none,0
11924,none,0
11925,none,0
11926,none,0
11927,none,0
11928,none,0
11929,none,0
11930,none,0
11931,none,0
11932,none,0
11933,none,0
11934,none,0
11935,none,0
11936,none,0
11937,sensor_glitch,1
11938,none,0
11939,none,0
11940,silent_failure,1
11941,none,0
11942,none,0
11943,none,0
11944,none,0
11945,none,0
11946,none,0
11947,none,0
11948,none,0
11949,none,0
11950,none,0
11951,none,0
11952,none,0
11953,none,0
11954,none,0
11955,none,0
11956,none,0
11957,none,0
11958,none,0
11959,none,0
11960,none,0
11961,none,0
11962,none,0
11963,sensor_glitch,1
11964,none,0
11965,none,0
11966,none,0
11967,none,0
11968,none,0
11969,none,0
11970,none,0
11971,none,0
11972,none,0
11973,none,0
11974,none,0
11975,none,0
11976,none,0
11977,none,0
11978,none,0
11979,none,0
11980,none,0
11981,none,0
11982,none,0
11983,none,0
11984,none,0
11985,none,0
11986,none,0
11987,none,0
11988,none,0
11989,none,0
11990,sensor_glitch,1
11991,none,0
11992,none,0
11993,none,0
11994,none,0
11995,none,0
11996,none,0
11997,none,0
11998,none,0
11999,none,0
12000,none,0
12001,none,0
12002,none,0
12003,none,0
12004,none,0
12005,none,0
12006,none,0
12007,none,0
12008,none,0
12009,none,0
12010,none,0
12011,none,0
12012,none,0
12013,none,0
12014,none,0
12015,none,0
12016,none,0
12017,none,0
12018,none,0
12019,none,0
12020,none,0
12021,none,0
12022,none,0
12023,silent_failure,1
12024,none,0
12025,none,0
12026,none,0
12027,silent_failure,1
12028,none,0
12029,none,0
12030,none,0
12031,none,0
12032,none,0
12033,none,0
12034,none,0
12035,none,0
12036,none,0
12037,none,0
12038,none,0
12039,none,0
12040,none,0
12041,none,0
12042,none,0
12043,none,0
12044,none,0
12045,none,0
12046,none,0
12047,none,0
12048,none,0
12049,none,0
12050,none,0
12051,none,0
12052,none,0
12053,none,0
12054,none,0
12055,none,0
12056,none,0
12057,none,0
12058,none,0
12059,none,0
12060,none,0
12061,none,0
12062,none,0
12063,none,0
12064,none,0
12065,none,0
12066,none,0
12067,none,0
12068,none,0
12069,none,0
12070,none,0
12071,none,0
12072,none,0
12073,silent_failure,1
12074,none,0
12075,none,0
12076,none,0
12077,none,0
12078,none,0
12079,none,0
12080,none,0
12081,none,0
12082,none,0
12083,none,0
12084,silent_failure,1
12085,none,0
12086,none,0
12087,none,0
12088,none,0
12089,none,0
12090,none,0
12091,none,0
12092,none,0
12093,none,0
12094,none,0
12095,none,0
12096,none,0
12097,none,0
12098,none,0
12099,none,0
12100,none,0
12101,none,0
12102,none,0
12103,none,0
12104,none,0
12105,none,0
12106,none,0
12107,silent_failure,1
12108,silent_failure,1
12109,none,0
12110,none,0
12111,none,0
12112,none,0
12113,none,0
12114,none,0
12115,none,0
12116,none,0
12117,none,0
12118,none,0
12119,none,0
12120,none,0
12121,none,0
12122,none,0
12123,none,0
12124,none,0
12125,none,0
12126,none,0
12127,none,0
12128,none,0
12129,none,0
12130,none,0
12131,none,0
12132,silent_failure,1
12133,none,0
12134,none,0
12135,none,0
12136,none,0
12137,none,0
12138,none,0
12139,none,0
12140,none,0
12141,none,0
12142,none,0
12143,none,0
12144,none,0
12145,none,0
12146,none,0
12147,none,0
12148,none,0
12149,none,0
12150,none,0
12151,none,0
12152,none,0
12153,none,0
12154,none,0
12155,none,0
12156,none,0
12157,none,0
12158,none,0
12159,none,0
12160,none,0
12161,none,0
12162,none,0
12163,none,0
12164,none,0
12165,none,0
12166,none,0
12167,none,0
12168,none,0
12169,none,0
12170,none,0
12171,none,0
12172,none,0
12173,none,0
12174,none,0
12175,none,0
12176,none,0
12177,none,0
12178,none,0
12179,none,0
12180,none,0
12181,none,0
12182,none,0
12183,none,0
12184,none,0
12185,none,0
12186,none,0
12187,none,0
12188,none,0
12189,none,0
12190,none,0
12191,none,0
12192,none,0
12193,none,0
12194,none,0
12195,none,0
12196,none,0
12197,none,0
12198,none,0
12199,none,0
12200,none,0
12201,none,0
12202,none,0
12203,none,0
12204,silent_failure,1
12205,none,0
12206,none,0
12207,none,0
12208,none,0
12209,none,0
12210,none,0
12211,none,0
12212,none,0
12213,none,0
12214,none,0
12215,none,0
12216,none,0
12217,none,0
12218,none,0
12219,none,0
12220,none,0
12221,none,0
12222,none,0
12223,none,0
12224,none,0
12225,none,0
12226,none,0
12227,none,0
12228,none,0
12229,none,0
12230,silent_failure,1
12231,none,0
12232,none,0
12233,none,0
12234,none,0
12235,none,0
12236,none,0
12237,none,0
12238,none,0
12239,none,0
12240,none,0
12241,none,0
12242,none,0
12243,none,0
12244,none,0
12245,none,0
12246,none,0
12247,none,0
12248,none,0
12249,none,0
12250,none,0
12251,none,0
12252,none,0
12253,none,0
12254,none,0
12255,none,0
12256,none,0
12257,none,0
12258,none,0
12259,none,0
12260,none,0
12261,none,0
12262,none,0
12263,none,0
12264,none,0
12265,silent_failure,1
12266,none,0
12267,none,0
12268,none,0
12269,none,0
12270,none,0
12271,none,0
12272,none,0
12273,silent_failure,1
12274,none,0
12275,none,0
12276,none,0
12277,none,0
12278,none,0
12279,none,0
12280,none,0
12281,silent_failure,1
12282,none,0
12283,none,0
12284,none,0
12285,none,0
12286,none,0
12287,none,0
12288,none,0
12289,none,0
12290,none,0
12291,silent_failure,1
12292,none,0
12293,none,0
12294,none,0
12295,none,0
12296,none,0
12297,none,0
12298,none,0
12299,none,0
12300,none,0
12301,none,0
12302,none,0
12303,none,0
12304,none,0
12305,none,0
12306,none,0
12307,none,0
12308,none,0
12309,none,0
12310,none,0
12311,none,0
12312,none,0
12313,none,0
12314,none,0
12315,none,0
12316,none,0
12317,none,0
12318,none,0
12319,none,0
12320,none,0
12321,none,0
12322,none,0
12323,none,0
12324,none,0
12325,none,0
12326,none,0
12327,none,0
12328,none,0
12329,none,0
12330,none,0
12331,none,0
12332,none,0
12333,none,0
12334,none,0
12335,none,0
12336,none,0
12337,none,0
12338,none,0
12339,none,0
12340,none,0
12341,none,0
12342,none,0
12343,none,0
12344,none,0
12345,none,0
12346,none,0
12347,none,0
12348,none,0
12349,none,0
12350,none,0
12351,none,0
12352,none,0
12353,none,0
12354,none,0
12355,none,0
12356,none,0
12357,none,0
12358,none,0
12359,none,0
12360,none,0
12361,none,0
12362,none,0
12363,none,0
12364,none,0
12365,none,0
12366,none,0
12367,none,0
12368,none,0
12369,silent_failure,1
12370,none,0
12371,none,0
12372,none,0
12373,none,0
12374,none,0
12375,none,0
12376,none,0
12377,none,0
12378,none,0
12379,none,0
12380,none,0
12381,none,0
12382,none,0
12383,none,0
12384,none,0
12385,none,0
12386,none,0
12387,silent_failure,1
12388,none,0
12389,none,0
12390,none,0
12391,none,0
12392,none,0
12393,none,0
12394,none,0
12395,none,0
12396,none,0
12397,none,0
12398,none,0
12399,none,0
12400,none,0
12401,none,0
12402,none,0
12403,none,0
12404,none,0
12405,none,0
12406,none,0
12407,none,0
12408,none,0
12409,none,0
12410,none,0
12411,none,0
12412,none,0
12413,none,0
12414,none,0
12415,none,0
12416,none,0
12417,none,0
12418,none,0
12419,none,0
12420,none,0
12421,none,0
12422,none,0
12423,none,0
12424,none,0
12425,none,0
12426,none,0
12427,none,0
12428,none,0
12429,none,0
12430,none,0
12431,none,0
12432,none,0
12433,none,0
12434,none,0
12435,none,0
12436,none,0
12437,none,0
12438,none,0
12439,none,0
12440,none,0
12441,none,0
12442,none,0
12443,none,0
12444,none,0
12445,none,0
12446,none,0
12447,none,0
12448,none,0
12449,none,0
12450,none,0
12451,none,0
12452,none,0
12453,none,0
12454,none,0
12455,none,0
12456,none,0
12457,none,0
12458,none,0
12459,none,0
12460,none,0
12461,none,0
12462,none,0
12463,none,0
12464,none,0
12465,none,0
12466,none,0
12467,none,0
12468,none,0
12469,none,0
12470,none,0
12471,none,0
12472,none,0
12473,none,0
12474,none,0
12475,none,0
12476,none,0
12477,none,0
12478,none,0
12479,none,0
12480,none,0
12481,none,0
12482,none,0
12483,none,0
12484,none,0
12485,none,0
12486,none,0
12487,none,0
12488,none,0
12489,none,0
12490,none,0
12491,none,0
12492,none,0
12493,silent_failure,1
12494,none,0
12495,silent_failure,1
12496,none,0
12497,none,0
12498,none,0
12499,none,0
12500,none,0
12501,none,0
12502,none,0
12503,none,0
12504,none,0
12505,none,0
12506,none,0
12507,none,0
12508,none,0
12509,none,0
12510,none,0
12511,none,0
12512,none,0
12513,none,0
12514,none,0
12515,none,0
12516,none,0
12517,none,0
12518,none,0
12519,none,0
12520,none,0
12521,none,0
12522,none,0
12523,none,0
12524,none,0
12525,none,0
12526,none,0
12527,none,0
12528,none,0
12529,none,0
12530,none,0
12531,none,0
12532,none,0
12533,none,0
12534,none,0
12535,none,0
12536,none,0
12537,none,0
12538,none,0
12539,none,0
12540,none,0
12541,none,0
12542,none,0
12543,none,0
12544,none,0
12545,none,0
12546,none,0
12547,none,0
12548,none,0
12549,none,0
12550,none,0
12551,none,0
12552,none,0
12553,none,0
12554,none,0
12555,none,0
12556,none,0
12557,none,0
12558,none,0
12559,none,0
12560,none,0
12561,none,0
12562,none,0
12563,none,0
12564,none,0
12565,none,0
12566,none,0
12567,none,0
12568,none,0
12569,none,0
12570,none,0
12571,none,0
12572,none,0
12573,none,0
12574,none,0
12575,none,0
12576,none,0
12577,none,0
12578,none,0
12579,none,0
12580,none,0
12581,none,0
12582,none,0
12583,none,0
12584,none,0
12585,none,0
12586,none,0
12587,none,0
12588,none,0
12589,none,0
12590,none,0
12591,none,0
12592,none,0
12593,none,0
12594,none,0
12595,none,0
12596,none,0
12597,none,0
12598,none,0
12599,none,0
12600,none,0
12601,none,0
12602,none,0
12603,none,0
12604,none,0
12605,none,0
12606,none,0
12607,none,0
12608,none,0
12609,none,0
12610,none,0
12611,none,0
12612,none,0
12613,none,0
12614,none,0
12615,none,0
12616,none,0
12617,none,0
12618,none,0
12619,none,0
12620,none,0
12621,none,0
12622,none,0
12623,none,0
12624,none,0
12625,none,0
12626,none,0
12627,none,0
12628,none,0
12629,none,0
12630,none,0
12631,none,0
12632,none,0
12633,none,0
12634,none,0
12635,none,0
12636,none,0
12637,none,0
12638,none,0
12639,none,0
12640,none,0
12641,none,0
12642,none,0
12643,none,0
12644,none,0
12645,none,0
12646,none,0
12647,none,0
12648,none,0
12649,none,0
12650,none,0
12651,none,0
12652,none,0
12653,none,0
12654,none,0
12655,none,0
12656,none,0
12657,none,0
12658,none,0
12659,none,0
12660,none,0
12661,none,0
12662,none,0
12663,none,0
12664,none,0
12665,none,0
12666,none,0
12667,none,0
12668,none,0
12669,none,0
12670,none,0
12671,none,0
12672,none,0
12673,none,0
12674,none,0
12675,none,0
12676,none,0
12677,none,0
12678,none,0
12679,none,0
12680,none,0
12681,none,0
12682,none,0
12683,none,0
12684,none,0
12685,none,0
12686,none,0
12687,none,0
12688,none,0
12689,none,0
12690,none,0
12691,none,0
12692,none,0
12693,none,0
12694,none,0
12695,none,0
12696,none,0
12697,none,0
12698,none,0
12699,none,0
12700,none,0
12701,none,0
12702,none,0
12703,none,0
12704,none,0
12705,none,0
12706,none,0
12707,none,0
12708,none,0
12709,none,0
12710,none,0
12711,none,0
12712,none,0
12713,none,0
12714,none,0
12715,none,0
12716,none,0
12717,none,0
12718,none,0
12719,none,0
12720,none,0
12721,none,0
12722,none,0
12723,none,0
12724,none,0
12725,none,0
12726,none,0
12727,none,0
12728,none,0
12729,none,0
12730,none,0
12731,none,0
12732,none,0
12733,none,0
12734,none,0
12735,none,0
12736,none,0
12737,none,0
12738,none,0
12739,none,0
12740,none,0
12741,none,0
12742,none,0
12743,none,0
12744,none,0
12745,none,0
12746,none,0
12747,none,0
12748,none,0
12749,none,0
12750,none,0
12751,none,0
12752,none,0
12753,none,0
12754,none,0
12755,none,0
12756,none,0
12757,none,0
12758,none,0
12759,none,0
12760,none,0
12761,none,0
12762,none,0
12763,none,0
12764,none,0
12765,none,0
12766,none,0
12767,none,0
12768,none,0
12769,none,0
12770,none,0
12771,none,0
12772,none,0
12773,none,0
12774,none,0
12775,none,0
12776,none,0
12777,none,0
12778,none,0
12779,none,0
12780,none,0
12781,none,0
12782,none,0
12783,none,0
12784,none,0
12785,none,0
12786,none,0
12787,none,0
12788,none,0
12789,none,0
12790,none,0
12791,none,0
12792,none,0
12793,none,0
12794,none,0
12795,none,0
12796,none,0
12797,none,0
12798,none,0
12799,none,0
12800,none,0
12801,none,0
12802,none,0
12803,none,0
12804,none,0
12805,none,0
12806,none,0
12807,none,0
12808,none,0
12809,none,0
12810,none,0
12811,none,0
12812,none,0
12813,none,0
12814,none,0
12815,none,0
12816,none,0
12817,none,0
12818,none,0
12819,none,0
12820,none,0
12821,none,0
12822,none,0
12823,none,0
12824,none,0
12825,none,0
12826,none,0
12827,none,0
12828,none,0
12829,none,0
12830,none,0
12831,none,0
12832,none,0
12833,none,0
12834,none,0
12835,none,0
12836,none,0
12837,none,0
12838,none,0
12839,none,0
12840,none,0
12841,none,0
12842,none,0
12843,none,0
12844,none,0
12845,none,0
12846,none,0
12847,none,0
12848,none,0
12849,none,0
12850,none,0
12851,none,0
12852,none,0
12853,none,0
12854,none,0
12855,none,0
12856,none,0
12857,none,0
12858,none,0
12859,none,0
12860,none,0
12861,none,0
12862,none,0
12863,none,0
12864,none,0
12865,none,0
12866,none,0
12867,none,0
12868,none,0
12869,none,0
12870,none,0
12871,none,0
12872,none,0
12873,none,0
12874,none,0
12875,none,0
12876,none,0
12877,none,0
12878,none,0
12879,none,0
12880,none,0
12881,none,0
12882,none,0
12883,none,0
12884,none,0
12885,none,0
12886,none,0
12887,none,0
12888,none,0
12889,none,0
12890,none,0
12891,none,0
12892,none,0
12893,none,0
12894,none,0
12895,none,0
12896,none,0
12897,none,0
12898,none,0
12899,none,0
12900,none,0
12901,none,0
12902,none,0
12903,none,0
12904,none,0
12905,none,0
12906,none,0
12907,none,0
12908,none,0
12909,none,0
12910,none,0
12911,none,0
12912,none,0
12913,none,0
12914,none,0
12915,none,0
12916,none,0
12917,none,0
12918,none,0
12919,none,0
12920,none,0
12921,none,0
12922,none,0
12923,none,0
12924,none,0
12925,none,0
12926,none,0
12927,none,0
12928,none,0
12929,none,0
12930,none,0
12931,none,0
12932,none,0
12933,none,0
12934,none,0
12935,none,0
12936,none,0
12937,none,0
12938,none,0
12939,none,0
12940,none,0
12941,none,0
12942,none,0
12943,none,0
12944,none,0
12945,none,0
12946,none,0
12947,none,0
12948,none,0
12949,none,0
12950,none,0
12951,none,0
12952,none,0
12953,none,0
12954,none,0
12955,none,0
12956,none,0
12957,none,0
12958,none,0
12959,none,0
12960,none,0
12961,none,0
12962,none,0
12963,none,0
12964,none,0
12965,none,0
12966,none,0
12967,none,0
12968,none,0
12969,none,0
12970,none,0
12971,none,0
12972,none,0
12973,none,0
12974,none,0
12975,none,0
12976,none,0
12977,none,0
12978,none,0
12979,none,0
12980,none,0
12981,none,0
12982,none,0
12983,none,0
12984,none,0
12985,none,0
12986,none,0
12987,none,0
12988,none,0
12989,none,0
12990,none,0
12991,none,0
12992,none,0
12993,none,0
12994,none,0
12995,none,0
12996,none,0
12997,none,0
12998,none,0
12999,none,0
13000,none,0
13001,none,0
13002,none,0
13003,none,0
13004,none,0
13005,none,0
13006,none,0
13007,none,0
13008,none,0
13009,none,0
13010,none,0
13011,none,0
13012,none,0
13013,none,0
13014,none,0
13015,none,0
13016,none,0
13017,none,0
13018,none,0
13019,none,0
13020,none,0
13021,none,0
13022,none,0
13023,none,0
13024,none,0
13025,none,0
13026,none,0
13027,none,0
13028,none,0
13029,none,0
13030,none,0
13031,none,0
13032,none,0
13033,none,0
13034,none,0
13035,none,0
13036,none,0
13037,none,0
13038,none,0
13039,none,0
13040,none,0
13041,none,0
13042,none,0
13043,none,0
13044,none,0
13045,none,0
13046,none,0
13047,none,0
13048,none,0
13049,none,0
13050,none,0
13051,none,0
13052,none,0
13053,none,0
13054,none,0
13055,none,0
13056,none,0
13057,none,0
13058,none,0
13059,none,0
13060,none,0
13061,none,0
13062,none,0
13063,none,0
13064,none,0
13065,none,0
13066,none,0
13067,none,0
13068,none,0
13069,none,0
13070,none,0
13071,none,0
13072,none,0
13073,none,0
13074,none,0
13075,none,0
13076,none,0
13077,none,0
13078,none,0
13079,none,0
13080,none,0
13081,none,0
13082,none,0
13083,none,0
13084,none,0
13085,none,0
13086,none,0
13087,none,0
13088,none,0
13089,none,0
13090,none,0
13091,none,0
13092,none,0
13093,none,0
13094,none,0
13095,none,0
13096,none,0
13097,none,0
13098,none,0
13099,none,0
13100,none,0
13101,none,0
13102,none,0
13103,none,0
13104,none,0
13105,none,0
13106,none,0
13107,none,0
13108,none,0
13109,none,0
13110,none,0
13111,none,0
13112,none,0
13113,none,0
13114,none,0
13115,none,0
13116,none,0
13117,none,0
13118,none,0
13119,none,0
13120,none,0
13121,none,0
13122,none,0
13123,none,0
13124,none,0
13125,none,0
13126,none,0
13127,none,0
13128,none,0
13129,none,0
13130,none,0
13131,none,0
13132,none,0
13133,none,0
13134,none,0
13135,none,0
13136,none,0
13137,none,0
13138,none,0
13139,none,0
13140,none,0
13141,none,0
13142,none,0
13143,none,0
13144,none,0
13145,none,0
13146,none,0
13147,none,0
13148,none,0
13149,none,0
13150,none,0
13151,none,0
13152,none,0
13153,none,0
13154,none,0
13155,none,0
13156,none,0
13157,none,0
13158,none,0
13159,none,0
13160,none,0
13161,none,0
13162,none,0
13163,none,0
13164,none,0
13165,none,0
13166,none,0
13167,none,0
13168,none,0
13169,none,0
13170,none,0
13171,none,0
13172,none,0
13173,none,0
13174,none,0
13175,none,0
13176,none,0
13177,none,0
13178,none,0
13179,none,0
13180,none,0
13181,none,0
13182,none,0
13183,none,0
13184,none,0
13185,none,0
13186,none,0
13187,none,0
13188,none,0
13189,none,0
13190,none,0
13191,none,0
13192,none,0
13193,none,0
13194,none,0
13195,none,0
13196,none,0
13197,none,0
13198,none,0
13199,none,0
13200,none,0
13201,none,0
13202,none,0
13203,none,0
13204,none,0
13205,none,0
13206,none,0
13207,none,0
13208,none,0
13209,none,0
13210,none,0
13211,none,0
13212,none,0
13213,none,0
13214,none,0
13215,none,0
13216,none,0
13217,none,0
13218,none,0
13219,none,0
13220,none,0
13221,none,0
13222,none,0
13223,none,0
13224,none,0
13225,none,0
13226,none,0
13227,none,0
13228,none,0
13229,none,0
13230,none,0
13231,none,0
13232,none,0
13233,none,0
13234,none,0
13235,none,0
13236,none,0
13237,none,0
13238,none,0
13239,none,0
13240,none,0
13241,none,0
13242,none,0
13243,none,0
13244,none,0
13245,none,0
13246,none,0
13247,none,0
13248,none,0
13249,none,0
13250,none,0
13251,none,0
13252,none,0
13253,none,0
13254,none,0
13255,none,0
13256,none,0
13257,none,0
13258,none,0
13259,none,0
13260,none,0
13261,none,0
13262,none,0
13263,none,0
13264,none,0
13265,none,0
13266,none,0
13267,none,0
13268,none,0
13269,none,0
13270,none,0
13271,none,0
13272,none,0
13273,none,0
13274,none,0
13275,none,0
13276,none,0
13277,none,0
13278,none,0
13279,none,0
13280,none,0
13281,none,0
13282,none,0
13283,none,0
13284,none,0
13285,none,0
13286,none,0
13287,none,0
13288,none,0
13289,none,0
13290,none,0
13291,none,0
13292,none,0
13293,none,0
13294,none,0
13295,none,0
13296,none,0
13297,none,0
13298,none,0
13299,none,0
13300,none,0
13301,none,0
13302,none,0
13303,none,0
13304,none,0
13305,none,0
13306,none,0
13307,none,0
13308,none,0
13309,none,0
13310,none,0
13311,none,0
13312,none,0
13313,none,0
13314,none,0
13315,none,0
13316,none,0
13317,none,0
13318,none,0
13319,none,0
13320,none,0
13321,none,0
13322,none,0
13323,none,0
13324,none,0
13325,none,0
13326,none,0
13327,none,0
13328,none,0
13329,none,0
13330,none,0
13331,none,0
13332,none,0
13333,none,0
13334,none,0
13335,none,0
13336,none,0
13337,none,0
13338,none,0
13339,none,0
13340,none,0
13341,none,0
13342,none,0
13343,none,0
13344,none,0
13345,none,0
13346,none,0
13347,none,0
13348,none,0
13349,none,0
13350,none,0
13351,none,0
13352,none,0
13353,none,0
13354,none,0
13355,none,0
13356,none,0
13357,none,0
13358,none,0
13359,none,0
13360,none,0
13361,none,0
13362,none,0
13363,none,0
13364,none,0
13365,none,0
13366,none,0
13367,none,0
13368,none,0
13369,none,0
13370,none,0
13371,none,0
13372,none,0
13373,none,0
13374,none,0
13375,none,0
13376,none,0
13377,none,0
13378,none,0
13379,none,0
13380,none,0
13381,none,0
13382,none,0
13383,none,0
13384,none,0
13385,none,0
13386,none,0
13387,none,0
13388,none,0
13389,none,0
13390,none,0
13391,none,0
13392,none,0
13393,none,0
13394,none,0
13395,none,0
13396,none,0
13397,none,0
13398,none,0
13399,none,0
13400,none,0
13401,none,0
13402,none,0
13403,none,0
13404,none,0
13405,none,0
13406,none,0
13407,none,0
13408,none,0
13409,none,0
13410,none,0
13411,none,0
13412,none,0
13413,none,0
13414,none,0
13415,none,0
13416,none,0
13417,none,0
13418,none,0
13419,none,0
13420,none,0
13421,none,0
13422,none,0
13423,none,0
13424,none,0
13425,none,0
13426,none,0
13427,none,0
13428,none,0
13429,none,0
13430,none,0
13431,none,0
13432,none,0
13433,none,0
13434,none,0
13435,none,0
13436,none,0
13437,none,0
13438,none,0
13439,none,0
13440,none,0
13441,none,0
13442,none,0
13443,none,0
13444,none,0
13445,none,0
13446,none,0
13447,none,0
13448,none,0
13449,none,0
13450,none,0
13451,none,0
13452,none,0
13453,none,0
13454,none,0
13455,none,0
13456,none,0
13457,none,0
13458,none,0
13459,none,0
13460,none,0
13461,none,0
13462,none,0
13463,none,0
13464,none,0
13465,none,0
13466,none,0
13467,none,0
13468,none,0
13469,none,0
13470,none,0
13471,none,0
13472,none,0
13473,none,0
13474,none,0
13475,none,0
13476,none,0
13477,none,0
13478,none,0
13479,none,0
13480,none,0
13481,none,0
13482,none,0
13483,none,0
13484,none,0
13485,none,0
13486,none,0
13487,none,0
13488,none,0
13489,none,0
13490,none,0
13491,none,0
13492,none,0
13493,none,0
13494,none,0
13495,none,0
13496,none,0
13497,none,0
13498,none,0
13499,none,0
13500,none,0
13501,none,0
13502,none,0
13503,none,0
13504,none,0
13505,none,0
13506,none,0
13507,none,0
13508,none,0
13509,none,0
13510,none,0
13511,none,0
13512,none,0
13513,none,0
13514,none,0
13515,none,0
13516,none,0
13517,none,0
13518,none,0
13519,none,0
13520,none,0
13521,none,0
13522,none,0
13523,none,0
13524,none,0
13525,none,0
13526,none,0
13527,none,0
13528,none,0
13529,none,0
13530,none,0
13531,none,0
13532,none,0
13533,none,0
13534,none,0
13535,none,0
13536,none,0
13537,none,0
13538,none,0
13539,none,0
13540,none,0
13541,none,0
13542,none,0
13543,none,0
13544,none,0
13545,none,0
13546,none,0
13547,none,0
13548,none,0
13549,none,0
13550,none,0
13551,none,0
13552,none,0
13553,none,0
13554,none,0
13555,none,0
13556,none,0
13557,none,0
13558,none,0
13559,none,0
13560,none,0
13561,none,0
13562,none,0
13563,none,0
13564,none,0
13565,none,0
13566,none,0
13567,none,0
13568,none,0
13569,none,0
13570,none,0
13571,none,0
13572,none,0
13573,none,0
13574,none,0
13575,none,0
13576,none,0
13577,none,0
13578,none,0
13579,none,0
13580,none,0
13581,none,0
13582,none,0
13583,none,0
13584,none,0
13585,none,0
13586,none,0
13587,none,0
13588,none,0
13589,none,0
13590,none,0
13591,none,0
13592,none,0
13593,none,0
13594,none,0
13595,none,0
13596,none,0
13597,none,0
13598,none,0
13599,none,0
13600,none,0
13601,none,0
13602,none,0
13603,none,0
13604,none,0
13605,none,0
13606,none,0
13607,none,0
13608,none,0
13609,none,0
13610,none,0
13611,none,0
13612,none,0
13613,none,0
13614,none,0
13615,none,0
13616,none,0
13617,none,0
13618,none,0
13619,none,0
13620,none,0
13621,none,0
13622,none,0
13623,none,0
13624,none,0
13625,none,0
13626,none,0
13627,none,0
13628,none,0
13629,none,0
13630,none,0
13631,none,0
13632,none,0
13633,none,0
13634,none,0
13635,none,0
13636,none,0
13637,none,0
13638,none,0
13639,none,0
13640,none,0
13641,none,0
13642,none,0
13643,none,0
13644,none,0
13645,none,0
13646,none,0
13647,none,0
13648,none,0
13649,none,0
13650,none,0
13651,none,0
13652,none,0
13653,none,0
13654,none,0
13655,none,0
13656,none,0
13657,none,0
13658,none,0
13659,none,0
13660,none,0
13661,none,0
13662,none,0
13663,none,0
13664,none,0
13665,none,0
13666,none,0
13667,none,0
13668,none,0
13669,none,0
13670,none,0
13671,none,0
13672,none,0
13673,none,0
13674,none,0
13675,none,0
13676,none,0
13677,none,0
13678,none,0
13679,none,0
13680,none,0
13681,none,0
13682,none,0
13683,none,0
13684,none,0
13685,none,0
13686,none,0
13687,none,0
13688,none,0
13689,none,0
13690,none,0
13691,none,0
13692,none,0
13693,none,0
13694,none,0
13695,none,0
13696,none,0
13697,none,0
13698,none,0
13699,none,0
13700,none,0
13701,none,0
13702,none,0
13703,none,0
13704,none,0
13705,none,0
13706,none,0
13707,none,0
13708,none,0
13709,none,0
13710,none,0
13711,none,0
13712,none,0
13713,none,0
13714,none,0
13715,none,0
13716,none,0
13717,none,0
13718,none,0
13719,none,0
13720,none,0
13721,none,0
13722,none,0
13723,none,0
13724,none,0
13725,none,0
13726,none,0
13727,none,0
13728,none,0
13729,none,0
13730,none,0
13731,none,0
13732,none,0
13733,none,0
13734,none,0
13735,none,0
13736,none,0
13737,none,0
13738,none,0
13739,none,0
13740,none,0
13741,none,0
13742,none,0
13743,none,0
13744,none,0
13745,none,0
13746,none,0
13747,none,0
13748,none,0
13749,none,0
13750,none,0
13751,none,0
13752,none,0
13753,none,0
13754,none,0
13755,none,0
13756,none,0
13757,none,0
13758,none,0
13759,none,0
13760,none,0
13761,none,0
13762,none,0
13763,none,0
13764,none,0
13765,none,0
13766,none,0
13767,none,0
13768,none,0
13769,none,0
13770,none,0
13771,none,0
13772,none,0
13773,none,0
13774,none,0
13775,none,0
13776,none,0
13777,none,0
13778,none,0
13779,none,0
13780,none,0
13781,none,0
13782,none,0
13783,none,0
13784,none,0
13785,none,0
13786,none,0
13787,none,0
13788,none,0
13789,none,0
13790,none,0
13791,none,0
13792,none,0
13793,none,0
13794,none,0
13795,none,0
13796,none,0
13797,none,0
13798,none,0
13799,none,0
13800,none,0
13801,none,0
13802,none,0
13803,none,0
13804,none,0
13805,none,0
13806,none,0
13807,none,0
13808,none,0
13809,none,0
13810,none,0
13811,none,0
13812,none,0
13813,none,0
13814,none,0
13815,none,0
13816,none,0
13817,none,0
13818,none,0
13819,none,0
13820,none,0
13821,none,0
13822,none,0
13823,none,0
13824,none,0
13825,none,0
13826,none,0
13827,none,0
13828,none,0
13829,none,0
13830,none,0
13831,none,0
13832,none,0
13833,none,0
13834,none,0
13835,none,0
13836,none,0
13837,none,0
13838,none,0
13839,none,0
13840,none,0
13841,none,0
13842,none,0
13843,none,0
13844,none,0
13845,none,0
13846,none,0
13847,none,0
13848,none,0
13849,none,0
13850,none,0
13851,none,0
13852,none,0
13853,none,0
13854,none,0
13855,none,0
13856,none,0
13857,none,0
13858,none,0
13859,none,0
13860,none,0
13861,none,0
13862,none,0
13863,none,0
13864,none,0
13865,none,0
13866,none,0
13867,none,0
13868,none,0
13869,none,0
13870,none,0
13871,none,0
13872,none,0
13873,none,0
13874,none,0
13875,none,0
13876,none,0
13877,none,0
13878,none,0
13879,none,0
13880,none,0
13881,none,0
13882,none,0
13883,none,0
13884,none,0
13885,none,0
13886,none,0
13887,none,0
13888,silent_failure,1
13889,none,0
13890,none,0
13891,none,0
13892,none,0
13893,none,0
13894,none,0
13895,none,0
13896,none,0
13897,none,0
13898,none,0
13899,none,0
13900,none,0
13901,none,0
13902,none,0
13903,none,0
13904,none,0
13905,none,0
13906,none,0
13907,none,0
13908,none,0
13909,silent_failure,1
13910,none,0
13911,none,0
13912,none,0
13913,none,0
13914,none,0
13915,none,0
13916,silent_failure,1
13917,none,0
13918,none,0
13919,none,0
13920,none,0
13921,none,0
13922,none,0
13923,none,0
13924,none,0
13925,none,0
13926,none,0
13927,none,0
13928,none,0
13929,none,0
13930,none,0
13931,none,0
13932,none,0
13933,none,0
13934,none,0
13935,none,0
13936,none,0
13937,none,0
13938,none,0
13939,none,0
13940,none,0
13941,none,0
13942,none,0
13943,none,0
13944,none,0
13945,none,0
13946,none,0
13947,none,0
13948,none,0
13949,none,0
13950,none,0
13951,silent_failure,1
13952,none,0
13953,none,0
13954,none,0
13955,none,0
13956,none,0
13957,none,0
13958,none,0
13959,none,0
13960,none,0
13961,none,0
13962,none,0
13963,none,0
13964,none,0
13965,none,0
13966,none,0
13967,none,0
13968,none,0
13969,none,0
13970,none,0
13971,none,0
13972,none,0
13973,none,0
13974,silent_failure,1
13975,none,0
13976,none,0
13977,none,0
13978,none,0
13979,none,0
13980,none,0
13981,none,0
13982,none,0
13983,none,0
13984,none,0
13985,none,0
13986,none,0
13987,none,0
13988,none,0
13989,none,0
13990,none,0
13991,none,0
13992,none,0
13993,none,0
13994,none,0
13995,none,0
13996,none,0
13997,none,0
13998,none,0
13999,none,0
14000,none,0
14001,none,0
14002,none,0
14003,none,0
14004,none,0
14005,none,0
14006,none,0
14007,none,0
14008,none,0
14009,none,0
14010,none,0
14011,none,0
14012,none,0
14013,none,0
14014,silent_failure,1
14015,none,0
14016,none,0
14017,none,0
14018,none,0
14019,none,0
14020,silent_failure,1
14021,none,0
14022,none,0
14023,none,0
14024,none,0
14025,none,0
14026,none,0
14027,none,0
14028,none,0
14029,none,0
14030,none,0
14031,none,0
14032,none,0
14033,none,0
14034,none,0
14035,none,0
14036,none,0
14037,none,0
14038,none,0
14039,none,0
14040,none,0
14041,none,0
14042,none,0
14043,none,0
14044,none,0
14045,none,0
14046,none,0
14047,none,0
14048,none,0
14049,sensor_glitch,1
14050,none,0
14051,none,0
14052,none,0
14053,none,0
14054,none,0
14055,none,0
14056,none,0
14057,none,0
14058,none,0
14059,none,0
14060,none,0
14061,none,0
14062,none,0
14063,none,0
14064,none,0
14065,none,0
14066,none,0
14067,none,0
14068,none,0
14069,none,0
14070,none,0
14071,none,0
14072,none,0
14073,silent_failure,1
14074,none,0
14075,none,0
14076,none,0
14077,none,0
14078,none,0
14079,none,0
14080,none,0
14081,none,0
14082,none,0
14083,none,0
14084,none,0
14085,none,0
14086,none,0
14087,none,0
14088,none,0
14089,none,0
14090,none,0
14091,none,0
14092,none,0
14093,none,0
14094,none,0
14095,none,0
14096,none,0
14097,none,0
14098,none,0
14099,none,0
14100,none,0
14101,none,0
14102,silent_failure,1
14103,none,0
14104,none,0
14105,none,0
14106,none,0
14107,none,0
14108,none,0
14109,none,0
14110,none,0
14111,none,0
14112,none,0
14113,none,0
14114,none,0
14115,none,0
14116,none,0
14117,none,0
14118,none,0
14119,sensor_glitch,1
14120,none,0
14121,none,0
14122,none,0
14123,none,0
14124,none,0
14125,none,0
14126,none,0
14127,none,0
14128,none,0
14129,none,0
14130,none,0
14131,none,0
14132,none,0
14133,none,0
14134,none,0
14135,none,0
14136,none,0
14137,none,0
14138,none,0
14139,none,0
14140,none,0
14141,none,0
14142,none,0
14143,none,0
14144,none,0
14145,none,0
14146,none,0
14147,none,0
14148,none,0
14149,none,0
14150,none,0
14151,none,0
14152,none,0
14153,none,0
14154,none,0
14155,none,0
14156,none,0
14157,none,0
14158,none,0
14159,none,0
14160,none,0
14161,silent_failure,1
14162,none,0
14163,none,0
14164,none,0
14165,none,0
14166,none,0
14167,sensor_glitch,1
14168,none,0
14169,none,0
14170,none,0
14171,none,0
14172,none,0
14173,none,0
14174,none,0
14175,none,0
14176,none,0
14177,none,0
14178,none,0
14179,none,0
14180,none,0
14181,none,0
14182,none,0
14183,none,0
14184,none,0
14185,none,0
14186,none,0
14187,none,0
14188,none,0
14189,none,0
14190,none,0
14191,none,0
14192,none,0
14193,none,0
14194,none,0
14195,none,0
14196,none,0
14197,none,0
14198,none,0
14199,none,0
14200,none,0
14201,none,0
14202,none,0
14203,none,0
14204,none,0
14205,none,0
14206,none,0
14207,none,0
14208,none,0
14209,none,0
14210,none,0
14211,none,0
14212,none,0
14213,none,0
14214,none,0
14215,none,0
14216,none,0
14217,none,0
14218,none,0
14219,none,0
14220,none,0
14221,none,0
14222,none,0
14223,none,0
14224,none,0
14225,none,0
14226,silent_failure,1
14227,none,0
14228,none,0
14229,none,0
14230,none,0
14231,none,0
14232,none,0
14233,none,0
14234,none,0
14235,none,0
14236,none,0
14237,none,0
14238,none,0
14239,none,0
14240,none,0
14241,none,0
14242,none,0
14243,none,0
14244,none,0
14245,none,0
14246,none,0
14247,none,0
14248,none,0
14249,none,0
14250,none,0
14251,none,0
14252,none,0
14253,silent_failure,1
14254,none,0
14255,none,0
14256,none,0
14257,silent_failure,1
14258,none,0
14259,none,0
14260,none,0
14261,none,0
14262,none,0
14263,none,0
14264,none,0
14265,none,0
14266,none,0
14267,none,0
14268,silent_failure,1
14269,none,0
14270,none,0
14271,none,0
14272,none,0
14273,none,0
14274,none,0
14275,none,0
14276,none,0
14277,none,0
14278,none,0
14279,none,0
14280,none,0
14281,none,0
14282,none,0
14283,none,0
14284,none,0
14285,none,0
14286,none,0
14287,none,0
14288,none,0
14289,none,0
14290,none,0
14291,none,0
14292,none,0
14293,none,0
14294,none,0
14295,none,0
14296,none,0
14297,none,0
14298,none,0
14299,none,0
14300,silent_failure,1
14301,none,0
14302,none,0
14303,none,0
14304,none,0
14305,none,0
14306,none,0
14307,none,0
14308,none,0
14309,none,0
14310,none,0
14311,none,0
14312,none,0
14313,none,0
14314,none,0
14315,none,0
14316,none,0
14317,none,0
14318,none,0
14319,none,0
14320,none,0
14321,none,0
14322,none,0
14323,none,0
14324,none,0
14325,none,0
14326,none,0
14327,none,0
14328,none,0
14329,none,0
14330,none,0
14331,none,0
14332,none,0
14333,none,0
14334,none,0
14335,none,0
14336,none,0
14337,none,0
14338,none,0
14339,none,0
14340,none,0
14341,none,0
14342,none,0
14343,none,0
14344,none,0
14345,none,0
14346,none,0
14347,none,0
14348,none,0
14349,none,0
14350,none,0
14351,none,0
14352,none,0
14353,none,0
14354,none,0
14355,sensor_glitch,1
14356,none,0
14357,none,0
14358,none,0
14359,sensor_glitch,1
14360,none,0
14361,none,0
14362,none,0
14363,none,0
14364,sensor_glitch,1
14365,none,0
14366,none,0
14367,none,0
14368,none,0
14369,none,0
14370,none,0
14371,none,0
14372,none,0
14373,none,0
14374,none,0
14375,none,0
14376,none,0
14377,none,0
14378,none,0
14379,none,0
14380,none,0
14381,none,0
14382,none,0
14383,none,0
14384,none,0
14385,none,0
14386,none,0
14387,silent_failure,1
14388,none,0
14389,none,0
14390,none,0
14391,none,0
14392,none,0
14393,none,0
14394,none,0
14395,none,0
14396,none,0
14397,none,0
14398,none,0
14399,none,0
14400,none,0
14401,none,0
14402,none,0
14403,none,0
14404,none,0
14405,none,0
14406,none,0
14407,silent_failure,1
14408,none,0
14409,none,0
14410,none,0
14411,none,0
14412,none,0
14413,none,0
14414,none,0
14415,none,0
14416,none,0
14417,none,0
14418,none,0
14419,none,0
14420,none,0
14421,none,0
14422,none,0
14423,none,0
14424,none,0
14425,none,0
14426,none,0
14427,none,0
14428,none,0
14429,none,0
14430,none,0
14431,none,0
14432,none,0
14433,none,0
14434,none,0
14435,none,0
14436,none,0
14437,none,0
14438,none,0
14439,none,0
14440,none,0
14441,none,0
14442,none,0
14443,none,0
14444,none,0
14445,none,0
14446,none,0
14447,none,0
14448,none,0
14449,none,0
14450,none,0
14451,none,0
14452,none,0
14453,none,0
14454,none,0
14455,none,0
14456,none,0
14457,none,0
14458,none,0
14459,none,0
14460,none,0
14461,none,0
14462,none,0
14463,silent_failure,1
14464,none,0
14465,sensor_glitch,1
14466,none,0
14467,none,0
14468,none,0
14469,none,0
14470,none,0
14471,none,0
14472,none,0
14473,none,0
14474,none,0
14475,none,0
14476,none,0
14477,none,0
14478,none,0
14479,none,0
14480,none,0
14481,none,0
14482,none,0
14483,none,0
14484,none,0
14485,none,0
14486,none,0
14487,none,0
14488,none,0
14489,none,0
14490,none,0
14491,none,0
14492,none,0
14493,none,0
14494,none,0
14495,none,0
14496,none,0
14497,none,0
14498,none,0
14499,none,0
14500,silent_failure,1
14501,none,0
14502,none,0
14503,none,0
14504,none,0
14505,none,0
14506,none,0
14507,none,0
14508,sensor_glitch,1
14509,none,0
14510,none,0
14511,none,0
14512,none,0
14513,none,0
14514,none,0
14515,none,0
14516,none,0
14517,none,0
14518,none,0
14519,none,0
14520,none,0
14521,none,0
14522,sensor_glitch,1
14523,none,0
14524,none,0
14525,none,0
14526,none,0
14527,none,0
14528,none,0
14529,none,0
14530,none,0
14531,none,0
14532,none,0
14533,none,0
14534,none,0
14535,none,0
14536,none,0
14537,none,0
14538,none,0
14539,none,0
14540,none,0
14541,none,0
14542,none,0
14543,none,0
14544,none,0
14545,silent_failure,1
14546,none,0
14547,none,0
14548,none,0
14549,none,0
14550,none,0
14551,none,0
14552,none,0
14553,none,0
14554,none,0
14555,none,0
14556,none,0
14557,none,0
14558,none,0
14559,none,0
14560,none,0
14561,none,0
14562,none,0
14563,none,0
14564,none,0
14565,none,0
14566,none,0
14567,sensor_glitch,1
14568,none,0
14569,none,0
14570,none,0
14571,none,0
14572,none,0
14573,none,0
14574,none,0
14575,none,0
14576,none,0
14577,none,0
14578,none,0
14579,none,0
14580,none,0
14581,sensor_glitch,1
14582,none,0
14583,none,0
14584,none,0
14585,none,0
14586,silent_failure,1
14587,none,0
14588,none,0
14589,none,0
14590,none,0
14591,none,0
14592,none,0
14593,none,0
14594,none,0
14595,none,0
14596,silent_failure,1
14597,none,0
14598,none,0
14599,none,0
14600,none,0
14601,none,0
14602,none,0
14603,none,0
14604,none,0
14605,none,0
14606,none,0
14607,none,0
14608,none,0
14609,none,0
14610,none,0
14611,none,0
14612,none,0
14613,none,0
14614,none,0
14615,none,0
14616,none,0
14617,none,0
14618,none,0
14619,none,0
14620,none,0
14621,none,0
14622,none,0
14623,none,0
14624,none,0
14625,none,0
14626,none,0
14627,none,0
14628,none,0
14629,none,0
14630,none,0
14631,none,0
14632,none,0
14633,none,0
14634,none,0
14635,none,0
14636,none,0
14637,none,0
14638,silent_failure,1
14639,none,0
14640,none,0
14641,none,0
14642,none,0
14643,none,0
14644,none,0
14645,none,0
14646,none,0
14647,none,0
14648,none,0
14649,none,0
14650,none,0
14651,none,0
14652,none,0
14653,none,0
14654,none,0
14655,none,0
14656,none,0
14657,none,0
14658,none,0
14659,none,0
14660,none,0
14661,none,0
14662,none,0
14663,none,0
14664,none,0
14665,none,0
14666,none,0
14667,none,0
14668,none,0
14669,none,0
14670,none,0
14671,none,0
14672,none,0
14673,none,0
14674,none,0
14675,none,0
14676,none,0
14677,none,0
14678,none,0
14679,none,0
14680,none,0
14681,none,0
14682,none,0
14683,none,0
14684,none,0
14685,none,0
14686,none,0
14687,none,0
14688,sensor_glitch,1
14689,none,0
14690,none,0
14691,none,0
14692,none,0
14693,none,0
14694,none,0
14695,none,0
14696,none,0
14697,none,0
14698,none,0
14699,none,0
14700,none,0
14701,none,0
14702,none,0
14703,none,0
14704,none,0
14705,none,0
14706,none,0
14707,none,0
14708,none,0
14709,none,0
14710,none,0
14711,none,0
14712,none,0
14713,none,0
14714,none,0
14715,none,0
14716,none,0
14717,none,0
14718,none,0
14719,none,0
14720,none,0
14721,none,0
14722,none,0
14723,none,0
14724,none,0
14725,none,0
14726,none,0
14727,none,0
14728,none,0
14729,none,0
14730,none,0
14731,none,0
14732,none,0
14733,none,0
14734,none,0
14735,none,0
14736,none,0
14737,none,0
14738,none,0
14739,none,0
14740,none,0
14741,none,0
14742,none,0
14743,none,0
14744,none,0
14745,none,0
14746,none,0
14747,none,0
14748,none,0
14749,none,0
14750,none,0
14751,none,0
14752,none,0
14753,none,0
14754,none,0
14755,none,0
14756,none,0
14757,none,0
14758,none,0
14759,none,0
14760,none,0
14761,none,0
14762,none,0
14763,none,0
14764,none,0
14765,none,0
14766,none,0
14767,none,0
14768,none,0
14769,none,0
14770,none,0
14771,none,0
14772,none,0
14773,none,0
14774,none,0
14775,none,0
14776,none,0
14777,silent_failure,1
14778,none,0
14779,none,0
14780,none,0
14781,none,0
14782,none,0
14783,none,0
14784,none,0
14785,none,0
14786,none,0
14787,none,0
14788,none,0
14789,none,0
14790,none,0
14791,none,0
14792,none,0
14793,none,0
14794,none,0
14795,none,0
14796,none,0
14797,none,0
14798,none,0
14799,none,0
14800,none,0
14801,none,0
14802,none,0
14803,none,0
14804,none,0
14805,none,0
14806,none,0
14807,none,0
14808,none,0
14809,none,0
14810,none,0
14811,none,0
14812,none,0
14813,none,0
14814,none,0
14815,none,0
14816,none,0
14817,none,0
14818,none,0
14819,none,0
14820,none,0
14821,none,0
14822,none,0
14823,none,0
14824,none,0
14825,none,0
14826,none,0
14827,none,0
14828,silent_failure,1
14829,none,0
14830,none,0
14831,none,0
14832,none,0
14833,none,0
14834,none,0
14835,none,0
14836,none,0
14837,none,0
14838,none,0
14839,none,0
14840,none,0
14841,none,0
14842,none,0
14843,none,0
14844,none,0
14845,none,0
14846,none,0
14847,none,0
14848,none,0
14849,none,0
14850,silent_failure,1
14851,sensor_glitch,1
14852,none,0
14853,none,0
14854,none,0
14855,none,0
14856,none,0
14857,none,0
14858,none,0
14859,none,0
14860,none,0
14861,none,0
14862,none,0
14863,none,0
14864,none,0
14865,none,0
14866,none,0
14867,none,0
14868,none,0
14869,none,0
14870,none,0
14871,none,0
14872,none,0
14873,none,0
14874,none,0
14875,none,0
14876,none,0
14877,none,0
14878,none,0
14879,none,0
14880,none,0
14881,none,0
14882,none,0
14883,none,0
14884,none,0
14885,none,0
14886,none,0
14887,silent_failure,1
14888,none,0
14889,none,0
14890,none,0
14891,none,0
14892,none,0
14893,sensor_glitch,1
14894,none,0
14895,none,0
14896,none,0
14897,none,0
14898,none,0
14899,none,0
14900,none,0
14901,none,0
14902,none,0
14903,none,0
14904,none,0
14905,none,0
14906,none,0
14907,none,0
14908,none,0
14909,none,0
14910,none,0
14911,none,0
14912,none,0
14913,none,0
14914,none,0
14915,none,0
14916,none,0
14917,none,0
14918,none,0
14919,none,0
14920,none,0
14921,none,0
14922,none,0
14923,none,0
14924,none,0
14925,none,0
14926,none,0
14927,none,0
14928,silent_failure,1
14929,none,0
14930,silent_failure,1
14931,none,0
14932,none,0
14933,none,0
14934,none,0
14935,none,0
14936,none,0
14937,none,0
14938,none,0
14939,none,0
14940,none,0
14941,none,0
14942,none,0
14943,none,0
14944,none,0
14945,none,0
14946,none,0
14947,none,0
14948,none,0
14949,none,0
14950,none,0
14951,none,0
14952,none,0
14953,none,0
14954,none,0
14955,none,0
14956,none,0
14957,none,0
14958,none,0
14959,none,0
14960,none,0
14961,none,0
14962,none,0
14963,none,0
14964,none,0
14965,none,0
14966,none,0
14967,none,0
14968,none,0
14969,none,0
14970,none,0
14971,none,0
14972,none,0
14973,none,0
14974,none,0
14975,none,0
14976,none,0
14977,none,0
14978,none,0
14979,none,0
14980,none,0
14981,none,0
14982,none,0
14983,none,0
14984,none,0
14985,none,0
14986,none,0
14987,none,0
14988,none,0
14989,none,0
14990,none,0
14991,none,0
14992,none,0
14993,none,0
14994,none,0
14995,none,0
14996,none,0
14997,none,0
14998,none,0
14999,none,0
15000,none,0
15001,none,0
15002,none,0
15003,none,0
15004,none,0
15005,none,0
15006,none,0
15007,none,0
15008,none,0
15009,none,0
15010,none,0
15011,none,0
15012,none,0
15013,none,0
15014,none,0
15015,none,0
15016,none,0
15017,none,0
15018,none,0
15019,none,0
15020,none,0
15021,none,0
15022,none,0
15023,none,0
15024,none,0
15025,none,0
15026,none,0
15027,none,0
15028,none,0
15029,none,0
15030,none,0
15031,none,0
15032,none,0
15033,none,0
15034,none,0
15035,none,0
15036,none,0
15037,none,0
15038,none,0
15039,none,0
15040,none,0
15041,none,0
15042,none,0
15043,none,0
15044,none,0
15045,none,0
15046,none,0
15047,none,0
15048,none,0
15049,none,0
15050,none,0
15051,none,0
15052,none,0
15053,none,0
15054,none,0
15055,none,0
15056,none,0
15057,none,0
15058,none,0
15059,none,0
15060,none,0
15061,none,0
15062,none,0
15063,none,0
15064,none,0
15065,none,0
15066,none,0
15067,none,0
15068,none,0
15069,none,0
15070,none,0
15071,none,0
15072,none,0
15073,none,0
15074,none,0
15075,none,0
15076,none,0
15077,none,0
15078,none,0
15079,none,0
15080,none,0
15081,none,0
15082,none,0
15083,none,0
15084,none,0
15085,none,0
15086,none,0
15087,none,0
15088,none,0
15089,none,0
15090,none,0
15091,none,0
15092,none,0
15093,none,0
15094,none,0
15095,none,0
15096,none,0
15097,none,0
15098,none,0
15099,none,0
15100,none,0
15101,none,0
15102,none,0
15103,none,0
15104,none,0
15105,none,0
15106,none,0
15107,none,0
15108,none,0
15109,none,0
15110,none,0
15111,none,0
15112,none,0
15113,none,0
15114,none,0
15115,none,0
15116,none,0
15117,none,0
15118,none,0
15119,none,0
15120,none,0
15121,none,0
15122,none,0
15123,none,0
15124,none,0
15125,none,0
15126,none,0
15127,none,0
15128,none,0
15129,none,0
15130,none,0
15131,none,0
15132,none,0
15133,none,0
15134,none,0
15135,none,0
15136,none,0
15137,none,0
15138,none,0
15139,none,0
15140,none,0
15141,none,0
15142,none,0
15143,none,0
15144,none,0
15145,none,0
15146,none,0
15147,none,0
15148,none,0
15149,none,0
15150,none,0
15151,none,0
15152,none,0
15153,none,0
15154,none,0
15155,none,0
15156,none,0
15157,none,0
15158,none,0
15159,none,0
15160,none,0
15161,none,0
15162,none,0
15163,none,0
15164,none,0
15165,none,0
15166,none,0
15167,none,0
15168,none,0
15169,none,0
15170,none,0
15171,none,0
15172,none,0
15173,none,0
15174,none,0
15175,none,0
15176,none,0
15177,none,0
15178,none,0
15179,none,0
15180,none,0
15181,none,0
15182,none,0
15183,none,0
15184,none,0
15185,none,0
15186,none,0
15187,none,0
15188,none,0
15189,none,0
15190,none,0
15191,none,0
15192,none,0
15193,none,0
15194,none,0
15195,none,0
15196,none,0
15197,none,0
15198,none,0
15199,none,0
15200,none,0
15201,none,0
15202,none,0
15203,none,0
15204,none,0
15205,none,0
15206,none,0
15207,none,0
15208,none,0
15209,none,0
15210,none,0
15211,none,0
15212,none,0
15213,none,0
15214,none,0
15215,none,0
15216,none,0
15217,none,0
15218,none,0
15219,none,0
15220,none,0
15221,none,0
15222,none,0
15223,none,0
15224,none,0
15225,none,0
15226,none,0
15227,none,0
15228,none,0
15229,none,0
15230,none,0
15231,none,0
15232,none,0
15233,none,0
15234,none,0
15235,none,0
15236,none,0
15237,none,0
15238,none,0
15239,none,0
15240,none,0
15241,none,0
15242,none,0
15243,none,0
15244,none,0
15245,none,0
15246,none,0
15247,none,0
15248,none,0
15249,none,0
15250,none,0
15251,none,0
15252,none,0
15253,none,0
15254,none,0
15255,none,0
15256,none,0
15257,none,0
15258,none,0
15259,none,0
15260,none,0
15261,none,0
15262,none,0
15263,none,0
15264,none,0
15265,none,0
15266,none,0
15267,none,0
15268,none,0
15269,none,0
15270,none,0
15271,none,0
15272,none,0
15273,none,0
15274,none,0
15275,none,0
15276,none,0
15277,none,0
15278,none,0
15279,none,0
15280,none,0
15281,none,0
15282,none,0
15283,none,0
15284,none,0
15285,none,0
15286,none,0
15287,none,0
15288,none,0
15289,none,0
15290,none,0
15291,none,0
15292,none,0
15293,none,0
15294,none,0
15295,none,0
15296,none,0
15297,none,0
15298,none,0
15299,none,0
15300,none,0
15301,none,0
15302,none,0
15303,none,0
15304,none,0
15305,none,0
15306,none,0
15307,none,0
15308,none,0
15309,none,0
15310,none,0
15311,none,0
15312,none,0
15313,none,0
15314,none,0
15315,none,0
15316,none,0
15317,none,0
15318,none,0
15319,none,0
15320,none,0
15321,none,0
15322,none,0
15323,none,0
15324,none,0
15325,none,0
15326,none,0
15327,none,0
15328,none,0
15329,none,0
15330,none,0
15331,none,0
15332,none,0
15333,none,0
15334,none,0
15335,none,0
15336,none,0
15337,none,0
15338,none,0
15339,none,0
15340,none,0
15341,none,0
15342,none,0
15343,none,0
15344,none,0
15345,none,0
15346,none,0
15347,none,0
15348,none,0
15349,none,0
15350,none,0
15351,none,0
15352,none,0
15353,none,0
15354,none,0
15355,none,0
15356,none,0
15357,none,0
15358,none,0
15359,none,0
15360,none,0
15361,none,0
15362,none,0
15363,none,0
15364,none,0
15365,none,0
15366,none,0
15367,none,0
15368,none,0
15369,none,0
15370,none,0
15371,none,0
15372,none,0
15373,none,0
15374,none,0
15375,none,0
15376,none,0
15377,none,0
15378,none,0
15379,none,0
15380,none,0
15381,none,0
15382,none,0
15383,none,0
15384,none,0
15385,none,0
15386,none,0
15387,none,0
15388,none,0
15389,none,0
15390,none,0
15391,none,0
15392,none,0
15393,none,0
15394,none,0
15395,none,0
15396,none,0
15397,none,0
15398,none,0
15399,none,0
15400,none,0
15401,none,0
15402,none,0
15403,none,0
15404,none,0
15405,none,0
15406,none,0
15407,none,0
15408,none,0
15409,none,0
15410,none,0
15411,none,0
15412,none,0
15413,none,0
15414,none,0
15415,none,0
15416,none,0
15417,none,0
15418,none,0
15419,none,0
15420,none,0
15421,none,0
15422,none,0
15423,none,0
15424,none,0
15425,none,0
15426,none,0
15427,none,0
15428,none,0
15429,none,0
15430,none,0
15431,none,0
15432,none,0
15433,none,0
15434,none,0
15435,none,0
15436,none,0
15437,none,0
15438,none,0
15439,none,0
15440,none,0
15441,none,0
15442,none,0
15443,none,0
15444,none,0
15445,none,0
15446,none,0
15447,none,0
15448,none,0
15449,none,0
15450,none,0
15451,none,0
15452,none,0
15453,none,0
15454,none,0
15455,none,0
15456,none,0
15457,none,0
15458,none,0
15459,none,0
15460,none,0
15461,none,0
15462,none,0
15463,none,0
15464,none,0
15465,none,0
15466,none,0
15467,none,0
15468,none,0
15469,none,0
15470,none,0
15471,none,0
15472,none,0
15473,none,0
15474,none,0
15475,none,0
15476,none,0
15477,none,0
15478,none,0
15479,none,0
15480,none,0
15481,none,0
15482,none,0
15483,none,0
15484,none,0
15485,none,0
15486,none,0
15487,none,0
15488,none,0
15489,none,0
15490,none,0
15491,none,0
15492,none,0
15493,none,0
15494,none,0
15495,none,0
15496,none,0
15497,none,0
15498,none,0
15499,none,0
15500,none,0
15501,none,0
15502,none,0
15503,none,0
15504,none,0
15505,none,0
15506,none,0
15507,none,0
15508,none,0
15509,none,0
15510,none,0
15511,none,0
15512,none,0
15513,none,0
15514,none,0
15515,none,0
15516,none,0
15517,none,0
15518,none,0
15519,none,0
15520,none,0
15521,none,0
15522,none,0
15523,none,0
15524,none,0
15525,none,0
15526,none,0
15527,none,0
15528,none,0
15529,none,0
15530,none,0
15531,none,0
15532,none,0
15533,none,0
15534,none,0
15535,none,0
15536,none,0
15537,none,0
15538,none,0
15539,none,0
15540,none,0
15541,none,0
15542,none,0
15543,none,0
15544,none,0
15545,none,0
15546,none,0
15547,none,0
15548,none,0
15549,none,0
15550,none,0
15551,none,0
15552,none,0
15553,none,0
15554,none,0
15555,none,0
15556,none,0
15557,none,0
15558,none,0
15559,none,0
15560,none,0
15561,none,0
15562,none,0
15563,none,0
15564,none,0
15565,none,0
15566,none,0
15567,none,0
15568,none,0
15569,none,0
15570,none,0
15571,none,0
15572,none,0
15573,none,0
15574,none,0
15575,none,0
15576,none,0
15577,none,0
15578,none,0
15579,none,0
15580,none,0
15581,none,0
15582,none,0
15583,none,0
15584,none,0
15585,none,0
15586,none,0
15587,none,0
15588,none,0
15589,none,0
15590,none,0
15591,none,0
15592,none,0
15593,none,0
15594,none,0
15595,none,0
15596,none,0
15597,none,0
15598,none,0
15599,none,0
15600,none,0
15601,none,0
15602,none,0
15603,none,0
15604,none,0
15605,none,0
15606,none,0
15607,none,0
15608,none,0
15609,none,0
15610,none,0
15611,none,0
15612,none,0
15613,none,0
15614,none,0
15615,none,0
15616,none,0
15617,none,0
15618,none,0
15619,none,0
15620,none,0
15621,none,0
15622,none,0
15623,none,0
15624,none,0
15625,none,0
15626,none,0
15627,none,0
15628,none,0
15629,none,0
15630,none,0
15631,none,0
15632,none,0
15633,none,0
15634,none,0
15635,none,0
15636,none,0
15637,none,0
15638,none,0
15639,none,0
15640,none,0
15641,none,0
15642,none,0
15643,none,0
15644,none,0
15645,none,0
15646,none,0
15647,none,0
15648,none,0
15649,none,0
15650,none,0
15651,none,0
15652,none,0
15653,none,0
15654,none,0
15655,none,0
15656,none,0
15657,none,0
15658,none,0
15659,none,0
15660,none,0
15661,none,0
15662,none,0
15663,none,0
15664,none,0
15665,none,0
15666,none,0
15667,none,0
15668,none,0
15669,none,0
15670,none,0
15671,none,0
15672,none,0
15673,none,0
15674,none,0
15675,none,0
15676,none,0
15677,none,0
15678,none,0
15679,none,0
15680,none,0
15681,none,0
15682,none,0
15683,none,0
15684,none,0
15685,none,0
15686,none,0
15687,none,0
15688,none,0
15689,none,0
15690,none,0
15691,none,0
15692,none,0
15693,none,0
15694,none,0
15695,none,0
15696,none,0
15697,none,0
15698,none,0
15699,none,0
15700,none,0
15701,none,0
15702,none,0
15703,none,0
15704,none,0
15705,none,0
15706,none,0
15707,none,0
15708,none,0
15709,none,0
15710,none,0
15711,none,0
15712,none,0
15713,none,0
15714,none,0
15715,none,0
15716,none,0
15717,none,0
15718,none,0
15719,none,0
15720,none,0
15721,none,0
15722,none,0
15723,none,0
15724,none,0
15725,none,0
15726,none,0
15727,none,0
15728,none,0
15729,none,0
15730,none,0
15731,none,0
15732,none,0
15733,none,0
15734,none,0
15735,none,0
15736,none,0
15737,none,0
15738,none,0
15739,none,0
15740,none,0
15741,none,0
15742,none,0
15743,none,0
15744,none,0
15745,none,0
15746,none,0
15747,none,0
15748,none,0
15749,none,0
15750,none,0
15751,none,0
15752,none,0
15753,none,0
15754,none,0
15755,none,0
15756,none,0
15757,none,0
15758,none,0
15759,none,0
15760,none,0
15761,none,0
15762,none,0
15763,none,0
15764,none,0
15765,none,0
15766,none,0
15767,none,0
15768,none,0
15769,none,0
15770,none,0
15771,none,0
15772,none,0
15773,none,0
15774,none,0
15775,none,0
15776,none,0
15777,none,0
15778,none,0
15779,none,0
15780,none,0
15781,none,0
15782,none,0
15783,none,0
15784,none,0
15785,none,0
15786,none,0
15787,none,0
15788,none,0
15789,none,0
15790,none,0
15791,none,0
15792,none,0
15793,none,0
15794,none,0
15795,none,0
15796,none,0
15797,none,0
15798,none,0
15799,none,0
15800,none,0
15801,none,0
15802,none,0
15803,none,0
15804,none,0
15805,none,0
15806,none,0
15807,none,0
15808,none,0
15809,none,0
15810,none,0
15811,none,0
15812,none,0
15813,none,0
15814,none,0
15815,none,0
15816,none,0
15817,none,0
15818,none,0
15819,none,0
15820,none,0
15821,none,0
15822,none,0
15823,none,0
15824,none,0
15825,none,0
15826,none,0
15827,none,0
15828,none,0
15829,none,0
15830,none,0
15831,none,0
15832,none,0
15833,none,0
15834,none,0
15835,none,0
15836,none,0
15837,none,0
15838,none,0
15839,none,0
15840,none,0
15841,none,0
15842,none,0
15843,none,0
15844,none,0
15845,none,0
15846,none,0
15847,none,0
15848,none,0
15849,none,0
15850,none,0
15851,none,0
15852,none,0
15853,none,0
15854,none,0
15855,none,0
15856,none,0
15857,none,0
15858,none,0
15859,none,0
15860,none,0
15861,none,0
15862,none,0
15863,none,0
15864,none,0
15865,none,0
15866,none,0
15867,none,0
15868,none,0
15869,none,0
15870,none,0
15871,none,0
15872,none,0
15873,none,0
15874,none,0
15875,none,0
15876,none,0
15877,none,0
15878,none,0
15879,none,0
15880,none,0
15881,none,0
15882,none,0
15883,none,0
15884,none,0
15885,none,0
15886,none,0
15887,none,0
15888,none,0
15889,none,0
15890,none,0
15891,none,0
15892,none,0
15893,none,0
15894,none,0
15895,none,0
15896,none,0
15897,none,0
15898,none,0
15899,none,0
15900,none,0
15901,none,0
15902,none,0
15903,none,0
15904,none,0
15905,none,0
15906,none,0
15907,none,0
15908,none,0
15909,none,0
15910,none,0
15911,none,0
15912,none,0
15913,none,0
15914,none,0
15915,none,0
15916,none,0
15917,none,0
15918,none,0
15919,none,0
15920,none,0
15921,none,0
15922,none,0
15923,none,0
15924,none,0
15925,none,0
15926,none,0
15927,none,0
15928,none,0
15929,none,0
15930,none,0
15931,none,0
15932,none,0
15933,none,0
15934,none,0
15935,none,0
15936,none,0
15937,none,0
15938,none,0
15939,none,0
15940,none,0
15941,none,0
15942,none,0
15943,none,0
15944,none,0
15945,none,0
15946,none,0
15947,none,0
15948,none,0
15949,none,0
15950,none,0
15951,none,0
15952,none,0
15953,none,0
15954,none,0
15955,none,0
15956,none,0
15957,none,0
15958,none,0
15959,none,0
15960,none,0
15961,none,0
15962,none,0
15963,none,0
15964,none,0
15965,none,0
15966,none,0
15967,none,0
15968,none,0
15969,none,0
15970,none,0
15971,none,0
15972,none,0
15973,none,0
15974,none,0
15975,none,0
15976,none,0
15977,none,0
15978,none,0
15979,none,0
15980,none,0
15981,none,0
15982,none,0
15983,none,0
15984,none,0
15985,none,0
15986,none,0
15987,none,0
15988,none,0
15989,none,0
15990,none,0
15991,none,0
15992,none,0
15993,none,0
15994,none,0
15995,none,0
15996,none,0
15997,none,0
15998,none,0
15999,none,0
16000,none,0
16001,none,0
16002,none,0
16003,none,0
16004,none,0
16005,none,0
16006,none,0
16007,none,0
16008,none,0
16009,none,0
16010,none,0
16011,none,0
16012,none,0
16013,none,0
16014,none,0
16015,none,0
16016,none,0
16017,none,0
16018,none,0
16019,none,0
16020,none,0
16021,none,0
16022,none,0
16023,none,0
16024,none,0
16025,none,0
16026,none,0
16027,none,0
16028,none,0
16029,none,0
16030,none,0
16031,none,0
16032,none,0
16033,none,0
16034,none,0
16035,none,0
16036,none,0
16037,none,0
16038,none,0
16039,none,0
16040,none,0
16041,none,0
16042,none,0
16043,none,0
16044,none,0
16045,none,0
16046,none,0
16047,none,0
16048,none,0
16049,none,0
16050,none,0
16051,none,0
16052,none,0
16053,none,0
16054,none,0
16055,none,0
16056,none,0
16057,none,0
16058,none,0
16059,none,0
16060,none,0
16061,none,0
16062,none,0
16063,none,0
16064,none,0
16065,none,0
16066,none,0
16067,none,0
16068,none,0
16069,none,0
16070,none,0
16071,none,0
16072,none,0
16073,none,0
16074,none,0
16075,none,0
16076,none,0
16077,none,0
16078,none,0
16079,none,0
16080,none,0
16081,none,0
16082,none,0
16083,none,0
16084,none,0
16085,none,0
16086,none,0
16087,none,0
16088,none,0
16089,none,0
16090,none,0
16091,none,0
16092,none,0
16093,none,0
16094,none,0
16095,none,0
16096,none,0
16097,none,0
16098,none,0
16099,none,0
16100,none,0
16101,none,0
16102,none,0
16103,none,0
16104,none,0
16105,none,0
16106,none,0
16107,none,0
16108,none,0
16109,none,0
16110,none,0
16111,none,0
16112,none,0
16113,none,0
16114,none,0
16115,none,0
16116,none,0
16117,none,0
16118,none,0
16119,none,0
16120,none,0
16121,none,0
16122,none,0
16123,none,0
16124,none,0
16125,none,0
16126,none,0
16127,none,0
16128,none,0
16129,none,0
16130,none,0
16131,none,0
16132,none,0
16133,none,0
16134,none,0
16135,none,0
16136,none,0
16137,none,0
16138,none,0
16139,none,0
16140,none,0
16141,none,0
16142,none,0
16143,none,0
16144,none,0
16145,none,0
16146,none,0
16147,none,0
16148,none,0
16149,none,0
16150,none,0
16151,none,0
16152,none,0
16153,none,0
16154,none,0
16155,none,0
16156,none,0
16157,none,0
16158,none,0
16159,none,0
16160,none,0
16161,none,0
16162,none,0
16163,none,0
16164,none,0
16165,none,0
16166,none,0
16167,none,0
16168,none,0
16169,none,0
16170,none,0
16171,none,0
16172,none,0
16173,none,0
16174,none,0
16175,none,0
16176,none,0
16177,none,0
16178,none,0
16179,none,0
16180,none,0
16181,none,0
16182,none,0
16183,none,0
16184,none,0
16185,none,0
16186,none,0
16187,none,0
16188,none,0
16189,none,0
16190,none,0
16191,none,0
16192,none,0
16193,none,0
16194,none,0
16195,none,0
16196,none,0
16197,none,0
16198,none,0
16199,none,0
16200,none,0
16201,none,0
16202,none,0
16203,none,0
16204,none,0
16205,none,0
16206,none,0
16207,none,0
16208,none,0
16209,none,0
16210,none,0
16211,none,0
16212,none,0
16213,none,0
16214,none,0
16215,none,0
16216,none,0
16217,none,0
16218,none,0
16219,none,0
16220,none,0
16221,none,0
16222,none,0
16223,none,0
16224,none,0
16225,none,0
16226,none,0
16227,none,0
16228,none,0
16229,none,0
16230,none,0
16231,none,0
16232,none,0
16233,none,0
16234,none,0
16235,none,0
16236,none,0
16237,none,0
16238,none,0
16239,none,0
16240,none,0
16241,none,0
16242,none,0
16243,none,0
16244,none,0
16245,none,0
16246,none,0
16247,none,0
16248,none,0
16249,none,0
16250,none,0
16251,none,0
16252,none,0
16253,none,0
16254,none,0
16255,none,0
16256,none,0
16257,none,0
16258,none,0
16259,none,0
16260,none,0
16261,none,0
16262,none,0
16263,none,0
16264,none,0
16265,none,0
16266,none,0
16267,none,0
16268,none,0
16269,none,0
16270,none,0
16271,none,0
16272,none,0
16273,none,0
16274,none,0
16275,none,0
16276,none,0
16277,none,0
16278,none,0
16279,none,0
16280,none,0
16281,none,0
16282,none,0
16283,none,0
16284,none,0
16285,none,0
16286,none,0
16287,none,0
16288,none,0
16289,none,0
16290,none,0
16291,none,0
16292,none,0
16293,none,0
16294,none,0
16295,none,0
16296,none,0
16297,none,0
16298,none,0
16299,none,0
16300,none,0
16301,none,0
16302,none,0
16303,none,0
16304,none,0
16305,none,0
16306,none,0
16307,none,0
16308,none,0
16309,none,0
16310,none,0
16311,none,0
16312,none,0
16313,none,0
16314,none,0
16315,none,0
16316,none,0
16317,none,0
16318,none,0
16319,none,0
16320,none,0
16321,none,0
16322,none,0
16323,none,0
16324,none,0
16325,none,0
16326,none,0
16327,none,0
16328,none,0
16329,none,0
16330,none,0
16331,none,0
16332,none,0
16333,none,0
16334,none,0
16335,none,0
16336,none,0
16337,none,0
16338,none,0
16339,none,0
16340,none,0
16341,none,0
16342,none,0
16343,none,0
16344,none,0
16345,none,0
16346,none,0
16347,none,0
16348,none,0
16349,none,0
16350,none,0
16351,none,0
16352,none,0
16353,none,0
16354,none,0
16355,none,0
16356,none,0
16357,none,0
16358,none,0
16359,none,0
16360,none,0
16361,none,0
16362,none,0
16363,none,0
16364,none,0
16365,none,0
16366,none,0
16367,none,0
16368,none,0
16369,none,0
16370,none,0
16371,none,0
16372,none,0
16373,none,0
16374,none,0
16375,none,0
16376,none,0
16377,none,0
16378,none,0
16379,none,0
16380,none,0
16381,none,0
16382,none,0
16383,none,0
16384,none,0
16385,none,0
16386,none,0
16387,none,0
16388,none,0
16389,none,0
16390,none,0
16391,none,0
16392,none,0
16393,none,0
16394,none,0
16395,none,0
16396,none,0
16397,none,0
16398,none,0
16399,none,0
16400,none,0
16401,none,0
16402,none,0
16403,none,0
16404,none,0
16405,none,0
16406,none,0
16407,none,0
16408,none,0
16409,none,0
16410,none,0
16411,none,0
16412,none,0
16413,none,0
16414,none,0
16415,none,0
16416,none,0
16417,none,0
16418,none,0
16419,none,0
16420,none,0
16421,none,0
16422,none,0
16423,none,0
16424,none,0
16425,none,0
16426,none,0
16427,none,0
16428,none,0
16429,none,0
16430,none,0
16431,none,0
16432,none,0
16433,none,0
16434,none,0
16435,none,0
16436,none,0
16437,none,0
16438,none,0
16439,none,0
16440,none,0
16441,none,0
16442,none,0
16443,none,0
16444,none,0
16445,none,0
16446,none,0
16447,none,0
16448,none,0
16449,none,0
16450,none,0
16451,none,0
16452,none,0
16453,none,0
16454,none,0
16455,none,0
16456,none,0
16457,none,0
16458,none,0
16459,none,0
16460,silent_failure,1
16461,none,0
16462,none,0
16463,none,0
16464,silent_failure,1
16465,none,0
16466,silent_failure,1
16467,none,0
16468,none,0
16469,none,0
16470,none,0
16471,none,0
16472,none,0
16473,none,0
16474,none,0
16475,none,0
16476,none,0
16477,none,0
16478,none,0
16479,none,0
16480,none,0
16481,none,0
16482,none,0
16483,none,0
16484,none,0
16485,none,0
16486,none,0
16487,none,0
16488,none,0
16489,none,0
16490,none,0
16491,none,0
16492,none,0
16493,none,0
16494,none,0
16495,none,0
16496,none,0
16497,none,0
16498,none,0
16499,none,0
16500,none,0
16501,none,0
16502,none,0
16503,none,0
16504,none,0
16505,none,0
16506,none,0
16507,none,0
16508,none,0
16509,none,0
16510,none,0
16511,none,0
16512,none,0
16513,none,0
16514,sensor_glitch,1
16515,none,0
16516,none,0
16517,none,0
16518,none,0
16519,none,0
16520,none,0
16521,none,0
16522,none,0
16523,none,0
16524,none,0
16525,none,0
16526,none,0
16527,none,0
16528,none,0
16529,none,0
16530,none,0
16531,none,0
16532,none,0
16533,none,0
16534,none,0
16535,none,0
16536,none,0
16537,none,0
16538,none,0
16539,none,0
16540,none,0
16541,none,0
16542,sensor_glitch,1
16543,none,0
16544,none,0
16545,none,0
16546,none,0
16547,none,0
16548,none,0
16549,none,0
16550,none,0
16551,none,0
16552,none,0
16553,silent_failure,1
16554,none,0
16555,none,0
16556,none,0
16557,none,0
16558,none,0
16559,none,0
16560,none,0
16561,none,0
16562,none,0
16563,none,0
16564,none,0
16565,none,0
16566,none,0
16567,none,0
16568,none,0
16569,none,0
16570,none,0
16571,none,0
16572,none,0
16573,none,0
16574,none,0
16575,none,0
16576,none,0
16577,none,0
16578,none,0
16579,none,0
16580,sensor_glitch,1
16581,none,0
16582,none,0
16583,none,0
16584,none,0
16585,none,0
16586,none,0
16587,none,0
16588,none,0
16589,none,0
16590,none,0
16591,none,0
16592,none,0
16593,none,0
16594,none,0
16595,none,0
16596,none,0
16597,none,0
16598,none,0
16599,none,0
16600,none,0
16601,none,0
16602,none,0
16603,none,0
16604,none,0
16605,none,0
16606,none,0
16607,none,0
16608,none,0
16609,none,0
16610,none,0
16611,none,0
16612,none,0
16613,none,0
16614,none,0
16615,none,0
16616,none,0
16617,none,0
16618,none,0
16619,none,0
16620,none,0
16621,none,0
16622,none,0
16623,none,0
16624,none,0
16625,none,0
16626,none,0
16627,none,0
16628,none,0
16629,silent_failure,1
16630,none,0
16631,none,0
16632,none,0
16633,none,0
16634,none,0
16635,none,0
16636,none,0
16637,none,0
16638,none,0
16639,none,0
16640,none,0
16641,none,0
16642,none,0
16643,none,0
16644,none,0
16645,none,0
16646,none,0
16647,none,0
16648,none,0
16649,none,0
16650,none,0
16651,none,0
16652,none,0
16653,none,0
16654,none,0
16655,none,0
16656,none,0
16657,none,0
16658,none,0
16659,none,0
16660,none,0
16661,none,0
16662,none,0
16663,none,0
16664,none,0
16665,none,0
16666,none,0
16667,none,0
16668,none,0
16669,none,0
16670,none,0
16671,sensor_glitch,1
16672,none,0
16673,none,0
16674,none,0
16675,none,0
16676,none,0
16677,none,0
16678,none,0
16679,none,0
16680,none,0
16681,none,0
16682,none,0
16683,none,0
16684,none,0
16685,none,0
16686,none,0
16687,none,0
16688,none,0
16689,none,0
16690,none,0
16691,none,0
16692,none,0
16693,none,0
16694,none,0
16695,none,0
16696,none,0
16697,none,0
16698,none,0
16699,none,0
16700,none,0
16701,none,0
16702,none,0
16703,none,0
16704,none,0
16705,none,0
16706,none,0
16707,none,0
16708,none,0
16709,none,0
16710,none,0
16711,none,0
16712,none,0
16713,none,0
16714,none,0
16715,none,0
16716,none,0
16717,none,0
16718,none,0
16719,none,0
16720,none,0
16721,none,0
16722,none,0
16723,none,0
16724,none,0
16725,none,0
16726,none,0
16727,none,0
16728,sensor_glitch,1
16729,none,0
16730,silent_failure,1
16731,none,0
16732,none,0
16733,none,0
16734,none,0
16735,none,0
16736,none,0
16737,none,0
16738,none,0
16739,none,0
16740,silent_failure,1
16741,none,0
16742,none,0
16743,none,0
16744,none,0
16745,none,0
16746,none,0
16747,none,0
16748,none,0
16749,none,0
16750,none,0
16751,none,0
16752,none,0
16753,none,0
16754,none,0
16755,silent_failure,1
16756,none,0
16757,none,0
16758,none,0
16759,none,0
16760,none,0
16761,none,0
16762,none,0
16763,none,0
16764,none,0
16765,none,0
16766,none,0
16767,none,0
16768,none,0
16769,none,0
16770,none,0
16771,none,0
16772,none,0
16773,none,0
16774,none,0
16775,none,0
16776,none,0
16777,none,0
16778,none,0
16779,none,0
16780,none,0
16781,none,0
16782,none,0
16783,none,0
16784,none,0
16785,none,0
16786,none,0
16787,none,0
16788,none,0
16789,none,0
16790,none,0
16791,sensor_glitch,1
16792,none,0
16793,none,0
16794,none,0
16795,none,0
16796,none,0
16797,none,0
16798,none,0
16799,none,0
16800,none,0
16801,none,0
16802,none,0
16803,none,0
16804,none,0
16805,none,0
16806,none,0
16807,silent_failure,1
16808,none,0
16809,none,0
16810,none,0
16811,none,0
16812,none,0
16813,none,0
16814,none,0
16815,none,0
16816,none,0
16817,none,0
16818,none,0
16819,silent_failure,1
16820,none,0
16821,none,0
16822,none,0
16823,none,0
16824,none,0
16825,none,0
16826,none,0
16827,none,0
16828,none,0
16829,none,0
16830,none,0
16831,none,0
16832,none,0
16833,none,0
16834,none,0
16835,none,0
16836,none,0
16837,none,0
16838,none,0
16839,none,0
16840,none,0
16841,none,0
16842,none,0
16843,none,0
16844,none,0
16845,none,0
16846,none,0
16847,none,0
16848,none,0
16849,none,0
16850,none,0
16851,none,0
16852,none,0
16853,none,0
16854,none,0
16855,none,0
16856,none,0
16857,none,0
16858,none,0
16859,none,0
16860,none,0
16861,none,0
16862,none,0
16863,none,0
16864,none,0
16865,none,0
16866,none,0
16867,none,0
16868,none,0
16869,silent_failure,1
16870,none,0
16871,none,0
16872,none,0
16873,none,0
16874,none,0
16875,none,0
16876,none,0
16877,none,0
16878,none,0
16879,none,0
16880,none,0
16881,none,0
16882,none,0
16883,none,0
16884,none,0
16885,none,0
16886,none,0
16887,none,0
16888,none,0
16889,none,0
16890,none,0
16891,none,0
16892,none,0
16893,none,0
16894,none,0
16895,none,0
16896,none,0
16897,none,0
16898,none,0
16899,none,0
16900,none,0
16901,none,0
16902,none,0
16903,none,0
16904,none,0
16905,none,0
16906,none,0
16907,none,0
16908,none,0
16909,none,0
16910,none,0
16911,none,0
16912,none,0
16913,none,0
16914,none,0
16915,none,0
16916,none,0
16917,none,0
16918,none,0
16919,none,0
16920,none,0
16921,none,0
16922,none,0
16923,none,0
16924,none,0
16925,none,0
16926,none,0
16927,none,0
16928,none,0
16929,none,0
16930,none,0
16931,none,0
16932,none,0
16933,none,0
16934,none,0
16935,none,0
16936,none,0
16937,none,0
16938,none,0
16939,none,0
16940,none,0
16941,none,0
16942,none,0
16943,none,0
16944,none,0
16945,none,0
16946,none,0
16947,none,0
16948,none,0
16949,none,0
16950,none,0
16951,none,0
16952,none,0
16953,none,0
16954,none,0
16955,none,0
16956,none,0
16957,none,0
16958,none,0
16959,none,0
16960,none,0
16961,none,0
16962,none,0
16963,none,0
16964,none,0
16965,none,0
16966,none,0
16967,none,0
16968,none,0
16969,none,0
16970,none,0
16971,none,0
16972,none,0
16973,none,0
16974,none,0
16975,none,0
16976,none,0
16977,none,0
16978,none,0
16979,none,0
16980,none,0
16981,sensor_glitch,1
16982,none,0
16983,none,0
16984,none,0
16985,none,0
16986,none,0
16987,none,0
16988,none,0
16989,none,0
16990,none,0
16991,none,0
16992,none,0
16993,none,0
16994,none,0
16995,none,0
16996,none,0
16997,none,0
16998,none,0
16999,none,0
17000,none,0
17001,none,0
17002,none,0
17003,none,0
17004,none,0
17005,none,0
17006,none,0
17007,none,0
17008,none,0
17009,none,0
17010,none,0
17011,none,0
17012,none,0
17013,none,0
17014,none,0
17015,none,0
17016,none,0
17017,none,0
17018,none,0
17019,none,0
17020,none,0
17021,none,0
17022,none,0
17023,none,0
17024,none,0
17025,none,0
17026,none,0
17027,none,0
17028,none,0
17029,none,0
17030,none,0
17031,none,0
17032,none,0
17033,none,0
17034,none,0
17035,none,0
17036,none,0
17037,none,0
17038,none,0
17039,none,0
17040,none,0
17041,none,0
17042,none,0
17043,none,0
17044,none,0
17045,none,0
17046,none,0
17047,none,0
17048,none,0
17049,none,0
17050,none,0
17051,none,0
17052,none,0
17053,none,0
17054,none,0
17055,none,0
17056,none,0
17057,none,0
17058,none,0
17059,none,0
17060,none,0
17061,none,0
17062,none,0
17063,none,0
17064,none,0
17065,none,0
17066,none,0
17067,none,0
17068,none,0
17069,none,0
17070,none,0
17071,none,0
17072,none,0
17073,none,0
17074,none,0
17075,none,0
17076,none,0
17077,none,0
17078,none,0
17079,none,0
17080,none,0
17081,none,0
17082,none,0
17083,none,0
17084,none,0
17085,none,0
17086,none,0
17087,none,0
17088,none,0
17089,none,0
17090,none,0
17091,none,0
17092,none,0
17093,none,0
17094,none,0
17095,none,0
17096,none,0
17097,none,0
17098,silent_failure,1
17099,silent_failure,1
17100,none,0
17101,none,0
17102,none,0
17103,none,0
17104,none,0
17105,none,0
17106,none,0
17107,none,0
17108,none,0
17109,none,0
17110,none,0
17111,none,0
17112,none,0
17113,none,0
17114,none,0
17115,none,0
17116,none,0
17117,none,0
17118,none,0
17119,none,0
17120,none,0
17121,none,0
17122,none,0
17123,none,0
17124,none,0
17125,none,0
17126,none,0
17127,none,0
17128,none,0
17129,none,0
17130,none,0
17131,none,0
17132,none,0
17133,none,0
17134,none,0
17135,none,0
17136,none,0
17137,none,0
17138,none,0
17139,none,0
17140,none,0
17141,none,0
17142,none,0
17143,none,0
17144,none,0
17145,none,0
17146,none,0
17147,none,0
17148,none,0
17149,none,0
17150,none,0
17151,none,0
17152,none,0
17153,none,0
17154,none,0
17155,none,0
17156,silent_failure,1
17157,none,0
17158,none,0
17159,none,0
17160,none,0
17161,none,0
17162,none,0
17163,none,0
17164,none,0
17165,none,0
17166,none,0
17167,none,0
17168,none,0
17169,none,0
17170,none,0
17171,none,0
17172,none,0
17173,none,0
17174,none,0
17175,none,0
17176,none,0
17177,silent_failure,1
17178,none,0
17179,none,0
17180,none,0
17181,none,0
17182,none,0
17183,none,0
17184,none,0
17185,none,0
17186,none,0
17187,none,0
17188,none,0
17189,none,0
17190,none,0
17191,none,0
17192,none,0
17193,none,0
17194,none,0
17195,none,0
17196,none,0
17197,none,0
17198,none,0
17199,none,0
17200,none,0
17201,none,0
17202,none,0
17203,none,0
17204,none,0
17205,none,0
17206,none,0
17207,none,0
17208,none,0
17209,none,0
17210,none,0
17211,none,0
17212,none,0
17213,none,0
17214,none,0
17215,none,0
17216,none,0
17217,none,0
17218,none,0
17219,none,0
17220,none,0
17221,none,0
17222,none,0
17223,none,0
17224,none,0
17225,none,0
17226,none,0
17227,none,0
17228,none,0
17229,none,0
17230,none,0
17231,none,0
17232,silent_failure,1
17233,none,0
17234,none,0
17235,none,0
17236,none,0
17237,none,0
17238,none,0
17239,none,0
17240,none,0
17241,none,0
17242,none,0
17243,none,0
17244,none,0
17245,none,0
17246,none,0
17247,none,0
17248,none,0
17249,none,0
17250,none,0
17251,none,0
17252,none,0
17253,none,0
17254,none,0
17255,none,0
17256,none,0
17257,none,0
17258,none,0
17259,none,0
17260,none,0
17261,none,0
17262,none,0
17263,none,0
17264,sensor_glitch,1
17265,none,0
17266,none,0
17267,none,0
17268,none,0
17269,none,0
17270,none,0
17271,none,0
17272,none,0
17273,none,0
17274,none,0
17275,none,0
17276,none,0
17277,none,0
17278,none,0
17279,none,0
17280,silent_failure,1
17281,none,0
17282,none,0
17283,silent_failure,1
17284,none,0
17285,none,0
17286,none,0
17287,none,0
17288,silent_failure,1
17289,none,0
17290,none,0
17291,none,0
17292,none,0
17293,none,0
17294,none,0
17295,none,0
17296,none,0
17297,none,0
17298,none,0
17299,none,0
17300,none,0
17301,none,0
17302,none,0
17303,none,0
17304,none,0
17305,none,0
17306,none,0
17307,none,0
17308,none,0
17309,none,0
17310,none,0
17311,none,0
17312,none,0
17313,none,0
17314,none,0
17315,none,0
17316,none,0
17317,none,0
17318,none,0
17319,none,0
17320,none,0
17321,none,0
17322,none,0
17323,none,0
17324,none,0
17325,none,0
17326,none,0
17327,none,0
17328,none,0
17329,none,0
17330,none,0
17331,none,0
17332,none,0
17333,none,0
17334,none,0
17335,none,0
17336,none,0
17337,none,0
17338,none,0
17339,none,0
17340,none,0
17341,none,0
17342,none,0
17343,none,0
17344,none,0
17345,none,0
17346,none,0
17347,none,0
17348,none,0
17349,none,0
17350,none,0
17351,none,0
17352,none,0
17353,none,0
17354,none,0
17355,none,0
17356,none,0
17357,none,0
17358,none,0
17359,none,0
17360,none,0
17361,none,0
17362,none,0
17363,none,0
17364,none,0
17365,silent_failure,1
17366,none,0
17367,none,0
17368,none,0
17369,none,0
17370,none,0
17371,none,0
17372,none,0
17373,none,0
17374,none,0
17375,none,0
17376,none,0
17377,none,0
17378,none,0
17379,none,0
17380,none,0
17381,none,0
17382,none,0
17383,none,0
17384,none,0
17385,none,0
17386,none,0
17387,none,0
17388,none,0
17389,none,0
17390,none,0
17391,none,0
17392,none,0
17393,none,0
17394,none,0
17395,none,0
17396,none,0
17397,none,0
17398,none,0
17399,none,0
17400,none,0
17401,none,0
17402,none,0
17403,none,0
17404,none,0
17405,none,0
17406,none,0
17407,none,0
17408,none,0
17409,none,0
17410,none,0
17411,silent_failure,1
17412,none,0
17413,none,0
17414,none,0
17415,none,0
17416,none,0
17417,none,0
17418,none,0
17419,none,0
17420,silent_failure,1
17421,none,0
17422,none,0
17423,none,0
17424,none,0
17425,none,0
17426,none,0
17427,none,0
17428,none,0
17429,none,0
17430,none,0
17431,none,0
17432,none,0
17433,none,0
17434,none,0
17435,none,0
17436,none,0
17437,none,0
17438,none,0
17439,none,0
17440,none,0
17441,none,0
17442,none,0
17443,none,0
17444,none,0
17445,none,0
17446,none,0
17447,none,0
17448,none,0
17449,none,0
17450,none,0
17451,none,0
17452,none,0
17453,none,0
17454,none,0
17455,none,0
17456,none,0
17457,none,0
17458,none,0
17459,none,0
17460,none,0
17461,none,0
17462,none,0
17463,none,0
17464,none,0
17465,none,0
17466,none,0
17467,none,0
17468,none,0
17469,none,0
17470,none,0
17471,none,0
17472,none,0
17473,none,0
17474,none,0
17475,none,0
17476,none,0
17477,none,0
17478,none,0
17479,none,0
17480,none,0
17481,none,0
17482,none,0
17483,none,0
17484,none,0
17485,none,0
17486,none,0
17487,none,0
17488,none,0
17489,none,0
17490,none,0
17491,none,0
17492,none,0
17493,none,0
17494,none,0
17495,none,0
17496,none,0
17497,none,0
17498,silent_failure,1
17499,none,0
17500,none,0
17501,none,0
17502,none,0
17503,none,0
17504,none,0
17505,none,0
17506,none,0
17507,none,0
17508,none,0
17509,none,0
17510,none,0
17511,none,0
17512,none,0
17513,none,0
17514,none,0
17515,none,0
17516,none,0
17517,none,0
17518,none,0
17519,none,0
17520,none,0
17521,none,0
17522,none,0
17523,none,0
17524,none,0
17525,none,0
17526,none,0
17527,none,0
17528,none,0
17529,none,0
17530,none,0
17531,none,0
17532,none,0
17533,none,0
17534,none,0
17535,none,0
17536,none,0
17537,none,0
17538,none,0
17539,none,0
17540,none,0
17541,none,0
17542,none,0
17543,none,0
17544,none,0
17545,none,0
17546,none,0
17547,none,0
17548,none,0
17549,none,0
17550,none,0
17551,none,0
17552,none,0
17553,none,0
17554,none,0
17555,none,0
17556,none,0
17557,none,0
17558,none,0
17559,none,0
17560,none,0
17561,none,0
17562,none,0
17563,none,0
17564,none,0
17565,none,0
17566,none,0
17567,none,0
17568,none,0
17569,none,0
17570,none,0
17571,none,0
17572,none,0
17573,none,0
17574,none,0
17575,none,0
17576,none,0
17577,none,0
17578,none,0
17579,none,0
17580,none,0
17581,none,0
17582,none,0
17583,none,0
17584,none,0
17585,none,0
17586,none,0
17587,none,0
17588,none,0
17589,none,0
17590,none,0
17591,none,0
17592,none,0
17593,none,0
17594,none,0
17595,none,0
17596,none,0
17597,none,0
17598,none,0
17599,none,0
17600,none,0
17601,none,0
17602,none,0
17603,none,0
17604,none,0
17605,none,0
17606,none,0
17607,none,0
17608,none,0
17609,none,0
17610,none,0
17611,none,0
17612,none,0
17613,none,0
17614,none,0
17615,none,0
17616,none,0
17617,none,0
17618,none,0
17619,none,0
17620,none,0
17621,none,0
17622,none,0
17623,none,0
17624,none,0
17625,none,0
17626,none,0
17627,none,0
17628,none,0
17629,none,0
17630,none,0
17631,none,0
17632,none,0
17633,none,0
17634,none,0
17635,none,0
17636,none,0
17637,none,0
17638,none,0
17639,none,0
17640,none,0
17641,none,0
17642,none,0
17643,none,0
17644,none,0
17645,none,0
17646,none,0
17647,none,0
17648,none,0
17649,none,0
17650,none,0
17651,none,0
17652,none,0
17653,none,0
17654,none,0
17655,none,0
17656,none,0
17657,none,0
17658,none,0
17659,none,0
17660,none,0
17661,none,0
17662,none,0
17663,none,0
17664,none,0
17665,none,0
17666,none,0
17667,none,0
17668,none,0
17669,none,0
17670,none,0
17671,none,0
17672,none,0
17673,none,0
17674,none,0
17675,none,0
17676,none,0
17677,none,0
17678,none,0
17679,none,0
17680,none,0
17681,none,0
17682,none,0
17683,none,0
17684,none,0
17685,none,0
17686,none,0
17687,none,0
17688,none,0
17689,none,0
17690,none,0
17691,none,0
17692,none,0
17693,none,0
17694,none,0
17695,none,0
17696,none,0
17697,none,0
17698,none,0
17699,none,0
17700,none,0
17701,none,0
17702,none,0
17703,none,0
17704,none,0
17705,none,0
17706,none,0
17707,none,0
17708,none,0
17709,none,0
17710,none,0
17711,none,0
17712,none,0
17713,none,0
17714,none,0
17715,none,0
17716,none,0
17717,none,0
17718,none,0
17719,none,0
17720,none,0
17721,none,0
17722,none,0
17723,none,0
17724,none,0
17725,none,0
17726,none,0
17727,none,0
17728,none,0
17729,none,0
17730,none,0
17731,none,0
17732,none,0
17733,none,0
17734,none,0
17735,none,0
17736,none,0
17737,none,0
17738,none,0
17739,none,0
17740,none,0
17741,none,0
17742,none,0
17743,none,0
17744,none,0
17745,none,0
17746,none,0
17747,none,0
17748,none,0
17749,none,0
17750,none,0
17751,none,0
17752,none,0
17753,none,0
17754,none,0
17755,none,0
17756,none,0
17757,none,0
17758,none,0
17759,none,0
17760,none,0
17761,none,0
17762,none,0
17763,none,0
17764,none,0
17765,none,0
17766,none,0
17767,none,0
17768,none,0
17769,none,0
17770,none,0
17771,none,0
17772,none,0
17773,none,0
17774,none,0
17775,none,0
17776,none,0
17777,none,0
17778,none,0
17779,none,0
17780,none,0
17781,none,0
17782,none,0
17783,none,0
17784,none,0
17785,none,0
17786,none,0
17787,none,0
17788,none,0
17789,none,0
17790,none,0
17791,none,0
17792,none,0
17793,none,0
17794,none,0
17795,none,0
17796,none,0
17797,none,0
17798,none,0
17799,none,0
17800,none,0
17801,none,0
17802,none,0
17803,none,0
17804,none,0
17805,none,0
17806,none,0
17807,none,0
17808,none,0
17809,none,0
17810,none,0
17811,none,0
17812,none,0
17813,none,0
17814,none,0
17815,none,0
17816,none,0
17817,none,0
17818,none,0
17819,none,0
17820,none,0
17821,none,0
17822,none,0
17823,none,0
17824,none,0
17825,none,0
17826,none,0
17827,none,0
17828,none,0
17829,none,0
17830,none,0
17831,none,0
17832,none,0
17833,none,0
17834,none,0
17835,none,0
17836,none,0
17837,none,0
17838,none,0
17839,none,0
17840,none,0
17841,none,0
17842,none,0
17843,none,0
17844,none,0
17845,none,0
17846,none,0
17847,none,0
17848,none,0
17849,none,0
17850,none,0
17851,none,0
17852,none,0
17853,none,0
17854,none,0
17855,none,0
17856,none,0
17857,none,0
17858,none,0
17859,none,0
17860,none,0
17861,none,0
17862,none,0
17863,none,0
17864,none,0
17865,none,0
17866,none,0
17867,none,0
17868,none,0
17869,none,0
17870,none,0
17871,none,0
17872,none,0
17873,none,0
17874,none,0
17875,none,0
17876,none,0
17877,none,0
17878,none,0
17879,none,0
17880,none,0
17881,none,0
17882,none,0
17883,none,0
17884,none,0
17885,none,0
17886,none,0
17887,none,0
17888,none,0
17889,none,0
17890,none,0
17891,none,0
17892,none,0
17893,none,0
17894,none,0
17895,none,0
17896,none,0
17897,none,0
17898,none,0
17899,none,0
17900,none,0
17901,none,0
17902,none,0
17903,none,0
17904,none,0
17905,none,0
17906,none,0
17907,none,0
17908,none,0
17909,none,0
17910,none,0
17911,none,0
17912,none,0
17913,none,0
17914,none,0
17915,none,0
17916,none,0
17917,none,0
17918,none,0
17919,none,0
17920,none,0
17921,none,0
17922,none,0
17923,none,0
17924,none,0
17925,none,0
17926,none,0
17927,none,0
17928,none,0
17929,none,0
17930,none,0
17931,none,0
17932,none,0
17933,none,0
17934,none,0
17935,none,0
17936,none,0
17937,none,0
17938,none,0
17939,none,0
17940,none,0
17941,none,0
17942,none,0
17943,none,0
17944,none,0
17945,none,0
17946,none,0
17947,none,0
17948,none,0
17949,none,0
17950,none,0
17951,none,0
17952,none,0
17953,none,0
17954,none,0
17955,none,0
17956,none,0
17957,none,0
17958,none,0
17959,none,0
17960,none,0
17961,none,0
17962,none,0
17963,none,0
17964,none,0
17965,none,0
17966,none,0
17967,none,0
17968,none,0
17969,none,0
17970,none,0
17971,none,0
17972,none,0
17973,none,0
17974,none,0
17975,none,0
17976,none,0
17977,none,0
17978,none,0
17979,none,0
17980,none,0
17981,none,0
17982,none,0
17983,none,0
17984,none,0
17985,none,0
17986,none,0
17987,none,0
17988,none,0
17989,none,0
17990,none,0
17991,none,0
17992,none,0
17993,none,0
17994,none,0
17995,none,0
17996,none,0
17997,none,0
17998,none,0
17999,none,0
18000,none,0
18001,none,0
18002,none,0
18003,none,0
18004,none,0
18005,none,0
18006,none,0
18007,none,0
18008,none,0
18009,none,0
18010,none,0
18011,none,0
18012,none,0
18013,none,0
18014,none,0
18015,none,0
18016,none,0
18017,none,0
18018,none,0
18019,none,0
18020,none,0
18021,none,0
18022,none,0
18023,none,0
18024,none,0
18025,none,0
18026,none,0
18027,none,0
18028,none,0
18029,none,0
18030,none,0
18031,none,0
18032,none,0
18033,none,0
18034,none,0
18035,none,0
18036,none,0
18037,none,0
18038,none,0
18039,none,0
18040,none,0
18041,none,0
18042,none,0
18043,none,0
18044,none,0
18045,none,0
18046,none,0
18047,none,0
18048,none,0
18049,none,0
18050,none,0
18051,none,0
18052,none,0
18053,none,0
18054,none,0
18055,none,0
18056,none,0
18057,none,0
18058,none,0
18059,none,0
18060,none,0
18061,none,0
18062,none,0
18063,none,0
18064,none,0
18065,none,0
18066,none,0
18067,none,0
18068,none,0
18069,none,0
18070,none,0
18071,none,0
18072,none,0
18073,none,0
18074,none,0
18075,none,0
18076,none,0
18077,none,0
18078,none,0
18079,none,0
18080,none,0
18081,none,0
18082,none,0
18083,none,0
18084,none,0
18085,none,0
18086,none,0
18087,none,0
18088,none,0
18089,none,0
18090,none,0
18091,none,0
18092,none,0
18093,none,0
18094,none,0
18095,none,0
18096,none,0
18097,none,0
18098,none,0
18099,none,0
18100,none,0
18101,none,0
18102,none,0
18103,none,0
18104,none,0
18105,none,0
18106,none,0
18107,none,0
18108,none,0
18109,none,0
18110,none,0
18111,none,0
18112,none,0
18113,none,0
18114,none,0
18115,none,0
18116,none,0
18117,none,0
18118,none,0
18119,none,0
18120,none,0
18121,none,0
18122,none,0
18123,none,0
18124,none,0
18125,none,0
18126,none,0
18127,none,0
18128,none,0
18129,none,0
18130,none,0
18131,none,0
18132,none,0
18133,none,0
18134,none,0
18135,none,0
18136,none,0
18137,none,0
18138,none,0
18139,none,0
18140,none,0
18141,none,0
18142,none,0
18143,none,0
18144,none,0
18145,none,0
18146,none,0
18147,none,0
18148,none,0
18149,none,0
18150,none,0
18151,none,0
18152,none,0
18153,none,0
18154,none,0
18155,none,0
18156,none,0
18157,none,0
18158,none,0
18159,none,0
18160,none,0
18161,none,0
18162,none,0
18163,none,0
18164,none,0
18165,none,0
18166,none,0
18167,none,0
18168,none,0
18169,none,0
18170,none,0
18171,none,0
18172,none,0
18173,none,0
18174,none,0
18175,none,0
18176,none,0
18177,none,0
18178,none,0
18179,none,0
18180,none,0
18181,none,0
18182,none,0
18183,none,0
18184,none,0
18185,none,0
18186,none,0
18187,none,0
18188,none,0
18189,none,0
18190,none,0
18191,none,0
18192,none,0
18193,none,0
18194,none,0
18195,none,0
18196,none,0
18197,none,0
18198,none,0
18199,none,0
18200,none,0
18201,none,0
18202,none,0
18203,none,0
18204,none,0
18205,none,0
18206,none,0
18207,none,0
18208,none,0
18209,none,0
18210,none,0
18211,none,0
18212,none,0
18213,none,0
18214,none,0
18215,none,0
18216,none,0
18217,none,0
18218,none,0
18219,none,0
18220,none,0
18221,none,0
18222,none,0
18223,none,0
18224,none,0
18225,none,0
18226,none,0
18227,none,0
18228,none,0
18229,none,0
18230,none,0
18231,none,0
18232,none,0
18233,none,0
18234,none,0
18235,none,0
18236,none,0
18237,none,0
18238,none,0
18239,none,0
18240,none,0
18241,none,0
18242,none,0
18243,none,0
18244,none,0
18245,none,0
18246,none,0
18247,none,0
18248,none,0
18249,none,0
18250,none,0
18251,none,0
18252,none,0
18253,none,0
18254,none,0
18255,none,0
18256,none,0
18257,none,0
18258,none,0
18259,none,0
18260,none,0
18261,none,0
18262,none,0
18263,none,0
18264,none,0
18265,none,0
18266,none,0
18267,none,0
18268,none,0
18269,none,0
18270,none,0
18271,none,0
18272,none,0
18273,none,0
18274,none,0
18275,none,0
18276,none,0
18277,none,0
18278,none,0
18279,none,0
18280,none,0
18281,none,0
18282,none,0
18283,none,0
18284,none,0
18285,none,0
18286,none,0
18287,none,0
18288,none,0
18289,none,0
18290,none,0
18291,none,0
18292,none,0
18293,none,0
18294,none,0
18295,none,0
18296,none,0
18297,none,0
18298,none,0
18299,none,0
18300,none,0
18301,none,0
18302,none,0
18303,none,0
18304,none,0
18305,none,0
18306,none,0
18307,none,0
18308,none,0
18309,none,0
18310,none,0
18311,none,0
18312,none,0
18313,none,0
18314,none,0
18315,none,0
18316,none,0
18317,none,0
18318,none,0
18319,none,0
18320,none,0
18321,none,0
18322,none,0
18323,none,0
18324,none,0
18325,none,0
18326,none,0
18327,none,0
18328,none,0
18329,none,0
18330,none,0
18331,none,0
18332,none,0
18333,none,0
18334,none,0
18335,none,0
18336,none,0
18337,none,0
18338,none,0
18339,none,0
18340,none,0
18341,none,0
18342,none,0
18343,none,0
18344,none,0
18345,none,0
18346,none,0
18347,none,0
18348,none,0
18349,none,0
18350,none,0
18351,none,0
18352,none,0
18353,none,0
18354,none,0
18355,none,0
18356,none,0
18357,none,0
18358,none,0
18359,none,0
18360,none,0
18361,none,0
18362,none,0
18363,none,0
18364,none,0
18365,none,0
18366,none,0
18367,none,0
18368,none,0
18369,none,0
18370,none,0
18371,none,0
18372,none,0
18373,none,0
18374,none,0
18375,none,0
18376,none,0
18377,none,0
18378,none,0
18379,none,0
18380,none,0
18381,none,0
18382,none,0
18383,none,0
18384,none,0
18385,none,0
18386,none,0
18387,none,0
18388,none,0
18389,none,0
18390,none,0
18391,none,0
18392,none,0
18393,none,0
18394,none,0
18395,none,0
18396,none,0
18397,none,0
18398,none,0
18399,none,0
18400,none,0
18401,none,0
18402,none,0
18403,none,0
18404,none,0
18405,none,0
18406,none,0
18407,none,0
18408,none,0
18409,none,0
18410,none,0
18411,none,0
18412,none,0
18413,none,0
18414,none,0
18415,none,0
18416,none,0
18417,none,0
18418,none,0
18419,none,0
18420,none,0
18421,none,0
18422,none,0
18423,none,0
18424,none,0
18425,none,0
18426,none,0
18427,none,0
18428,none,0
18429,none,0
18430,none,0
18431,none,0
18432,none,0
18433,none,0
18434,none,0
18435,none,0
18436,none,0
18437,none,0
18438,none,0
18439,none,0
18440,none,0
18441,none,0
18442,none,0
18443,none,0
18444,none,0
18445,none,0
18446,none,0
18447,none,0
18448,none,0
18449,none,0
18450,none,0
18451,none,0
18452,none,0
18453,none,0
18454,none,0
18455,none,0
18456,none,0
18457,none,0
18458,none,0
18459,none,0
18460,none,0
18461,none,0
18462,none,0
18463,none,0
18464,none,0
18465,none,0
18466,none,0
18467,none,0
18468,none,0
18469,none,0
18470,none,0
18471,none,0
18472,none,0
18473,none,0
18474,none,0
18475,none,0
18476,none,0
18477,none,0
18478,none,0
18479,none,0
18480,none,0
18481,none,0
18482,none,0
18483,none,0
18484,none,0
18485,none,0
18486,none,0
18487,none,0
18488,none,0
18489,none,0
18490,none,0
18491,none,0
18492,none,0
18493,none,0
18494,none,0
18495,none,0
18496,none,0
18497,none,0
18498,none,0
18499,none,0
18500,none,0
18501,none,0
18502,none,0
18503,none,0
18504,none,0
18505,none,0
18506,none,0
18507,none,0
18508,none,0
18509,none,0
18510,none,0
18511,none,0
18512,none,0
18513,none,0
18514,none,0
18515,none,0
18516,none,0
18517,none,0
18518,none,0
18519,none,0
18520,none,0
18521,none,0
18522,none,0
18523,none,0
18524,none,0
18525,none,0
18526,none,0
18527,none,0
18528,none,0
18529,none,0
18530,none,0
18531,none,0
18532,none,0
18533,none,0
18534,none,0
18535,none,0
18536,none,0
18537,none,0
18538,none,0
18539,none,0
18540,none,0
18541,none,0
18542,none,0
18543,none,0
18544,none,0
18545,none,0
18546,none,0
18547,none,0
18548,none,0
18549,none,0
18550,none,0
18551,none,0
18552,none,0
18553,none,0
18554,none,0
18555,none,0
18556,none,0
18557,none,0
18558,none,0
18559,none,0
18560,none,0
18561,none,0
18562,none,0
18563,none,0
18564,none,0
18565,none,0
18566,none,0
18567,none,0
18568,none,0
18569,none,0
18570,none,0
18571,none,0
18572,none,0
18573,none,0
18574,none,0
18575,none,0
18576,none,0
18577,none,0
18578,none,0
18579,none,0
18580,none,0
18581,none,0
18582,none,0
18583,none,0
18584,none,0
18585,none,0
18586,none,0
18587,none,0
18588,none,0
18589,none,0
18590,none,0
18591,none,0
18592,none,0
18593,none,0
18594,none,0
18595,none,0
18596,none,0
18597,none,0
18598,none,0
18599,none,0
18600,none,0
18601,none,0
18602,none,0
18603,none,0
18604,none,0
18605,none,0
18606,none,0
18607,none,0
18608,none,0
18609,none,0
18610,none,0
18611,none,0
18612,none,0
18613,none,0
18614,none,0
18615,none,0
18616,none,0
18617,none,0
18618,none,0
18619,none,0
18620,none,0
18621,none,0
18622,none,0
18623,none,0
18624,none,0
18625,none,0
18626,none,0
18627,none,0
18628,none,0
18629,none,0
18630,none,0
18631,none,0
18632,none,0
18633,none,0
18634,none,0
18635,none,0
18636,none,0
18637,none,0
18638,none,0
18639,none,0
18640,none,0
18641,none,0
18642,none,0
18643,none,0
18644,none,0
18645,none,0
18646,none,0
18647,none,0
18648,none,0
18649,none,0
18650,none,0
18651,none,0
18652,none,0
18653,none,0
18654,none,0
18655,none,0
18656,none,0
18657,none,0
18658,none,0
18659,none,0
18660,none,0
18661,none,0
18662,none,0
18663,none,0
18664,none,0
18665,none,0
18666,none,0
18667,none,0
18668,none,0
18669,none,0
18670,none,0
18671,none,0
18672,none,0
18673,none,0
18674,none,0
18675,none,0
18676,none,0
18677,none,0
18678,none,0
18679,none,0
18680,none,0
18681,none,0
18682,none,0
18683,none,0
18684,none,0
18685,none,0
18686,none,0
18687,none,0
18688,none,0
18689,none,0
18690,none,0
18691,none,0
18692,none,0
18693,none,0
18694,none,0
18695,none,0
18696,none,0
18697,none,0
18698,none,0
18699,none,0
18700,none,0
18701,none,0
18702,none,0
18703,none,0
18704,none,0
18705,none,0
18706,none,0
18707,none,0
18708,none,0
18709,none,0
18710,none,0
18711,none,0
18712,none,0
18713,none,0
18714,none,0
18715,none,0
18716,none,0
18717,none,0
18718,none,0
18719,none,0
18720,none,0
18721,none,0
18722,none,0
18723,none,0
18724,none,0
18725,none,0
18726,none,0
18727,none,0
18728,none,0
18729,none,0
18730,none,0
18731,none,0
18732,none,0
18733,none,0
18734,none,0
18735,none,0
18736,none,0
18737,none,0
18738,none,0
18739,none,0
18740,none,0
18741,none,0
18742,none,0
18743,none,0
18744,none,0
18745,none,0
18746,none,0
18747,none,0
18748,none,0
18749,none,0
18750,none,0
18751,none,0
18752,none,0
18753,none,0
18754,none,0
18755,none,0
18756,none,0
18757,none,0
18758,none,0
18759,none,0
18760,none,0
18761,none,0
18762,none,0
18763,none,0
18764,none,0
18765,none,0
18766,none,0
18767,none,0
18768,none,0
18769,none,0
18770,none,0
18771,none,0
18772,none,0
18773,none,0
18774,none,0
18775,none,0
18776,none,0
18777,none,0
18778,none,0
18779,none,0
18780,none,0
18781,none,0
18782,none,0
18783,none,0
18784,none,0
18785,none,0
18786,none,0
18787,none,0
18788,none,0
18789,none,0
18790,none,0
18791,none,0
18792,none,0
18793,none,0
18794,none,0
18795,none,0
18796,none,0
18797,none,0
18798,none,0
18799,none,0
18800,none,0
18801,none,0
18802,none,0
18803,none,0
18804,none,0
18805,none,0
18806,none,0
18807,none,0
18808,none,0
18809,none,0
18810,none,0
18811,none,0
18812,none,0
18813,none,0
18814,none,0
18815,none,0
18816,none,0
18817,none,0
18818,none,0
18819,none,0
18820,none,0
18821,none,0
18822,none,0
18823,none,0
18824,none,0
18825,none,0
18826,none,0
18827,none,0
18828,none,0
18829,none,0
18830,none,0
18831,none,0
18832,none,0
18833,none,0
18834,none,0
18835,none,0
18836,none,0
18837,none,0
18838,none,0
18839,none,0
18840,none,0
18841,none,0
18842,none,0
18843,none,0
18844,none,0
18845,none,0
18846,none,0
18847,none,0
18848,none,0
18849,none,0
18850,none,0
18851,none,0
18852,none,0
18853,none,0
18854,none,0
18855,none,0
18856,none,0
18857,none,0
18858,none,0
18859,none,0
18860,none,0
18861,none,0
18862,none,0
18863,none,0
18864,none,0
18865,none,0
18866,none,0
18867,none,0
18868,none,0
18869,none,0
18870,none,0
18871,none,0
18872,none,0
18873,none,0
18874,none,0
18875,none,0
18876,none,0
18877,none,0
18878,none,0
18879,none,0
18880,none,0
18881,none,0
18882,none,0
18883,none,0
18884,none,0
18885,none,0
18886,none,0
18887,none,0
18888,none,0
18889,none,0
18890,none,0
18891,none,0
18892,none,0
18893,none,0
18894,none,0
18895,none,0
18896,none,0
18897,none,0
18898,none,0
18899,none,0
18900,none,0
18901,sensor_glitch,1
18902,none,0
18903,none,0
18904,silent_failure,1
18905,none,0
18906,none,0
18907,none,0
18908,none,0
18909,none,0
18910,none,0
18911,none,0
18912,sensor_glitch,1
18913,none,0
18914,none,0
18915,none,0
18916,none,0
18917,none,0
18918,none,0
18919,none,0
18920,none,0
18921,none,0
18922,none,0
18923,none,0
18924,none,0
18925,none,0
18926,none,0
18927,none,0
18928,none,0
18929,none,0
18930,none,0
18931,none,0
18932,none,0
18933,none,0
18934,none,0
18935,none,0
18936,none,0
18937,none,0
18938,none,0
18939,none,0
18940,none,0
18941,none,0
18942,none,0
18943,none,0
18944,none,0
18945,none,0
18946,none,0
18947,none,0
18948,none,0
18949,none,0
18950,none,0
18951,none,0
18952,none,0
18953,none,0
18954,none,0
18955,none,0
18956,none,0
18957,none,0
18958,none,0
18959,none,0
18960,none,0
18961,none,0
18962,none,0
18963,sensor_glitch,1
18964,none,0
18965,none,0
18966,none,0
18967,none,0
18968,none,0
18969,none,0
18970,none,0
18971,none,0
18972,none,0
18973,sensor_glitch,1
18974,none,0
18975,none,0
18976,none,0
18977,none,0
18978,none,0
18979,none,0
18980,none,0
18981,none,0
18982,none,0
18983,none,0
18984,none,0
18985,none,0
18986,none,0
18987,none,0
18988,none,0
18989,none,0
18990,none,0
18991,none,0
18992,none,0
18993,none,0
18994,none,0
18995,none,0
18996,none,0
18997,none,0
18998,none,0
18999,none,0
19000,none,0
19001,none,0
19002,none,0
19003,sensor_glitch,1
19004,none,0
19005,none,0
19006,silent_failure,1
19007,none,0
19008,none,0
19009,sensor_glitch,1
19010,none,0
19011,none,0
19012,silent_failure,1
19013,none,0
19014,none,0
19015,none,0
19016,none,0
19017,none,0
19018,none,0
19019,none,0
19020,none,0
19021,none,0
19022,none,0
19023,none,0
19024,none,0
19025,none,0
19026,none,0
19027,none,0
19028,none,0
19029,none,0
19030,sensor_glitch,1
19031,silent_failure,1
19032,none,0
19033,none,0
19034,none,0
19035,none,0
19036,none,0
19037,none,0
19038,none,0
19039,none,0
19040,none,0
19041,none,0
19042,none,0
19043,none,0
19044,none,0
19045,none,0
19046,none,0
19047,none,0
19048,none,0
19049,none,0
19050,none,0
19051,none,0
19052,none,0
19053,none,0
19054,sensor_glitch,1
19055,none,0
19056,none,0
19057,none,0
19058,none,0
19059,none,0
19060,none,0
19061,none,0
19062,none,0
19063,none,0
19064,none,0
19065,none,0
19066,silent_failure,1
19067,none,0
19068,none,0
19069,silent_failure,1
19070,none,0
19071,none,0
19072,none,0
19073,none,0
19074,none,0
19075,none,0
19076,none,0
19077,none,0
19078,none,0
19079,none,0
19080,none,0
19081,sensor_glitch,1
19082,none,0
19083,none,0
19084,none,0
19085,none,0
19086,none,0
19087,none,0
19088,none,0
19089,none,0
19090,none,0
19091,none,0
19092,silent_failure,1
19093,none,0
19094,none,0
19095,none,0
19096,none,0
19097,none,0
19098,none,0
19099,none,0
19100,none,0
19101,none,0
19102,none,0
19103,none,0
19104,none,0
19105,none,0
19106,none,0
19107,none,0
19108,none,0
19109,none,0
19110,none,0
19111,none,0
19112,none,0
19113,none,0
19114,none,0
19115,none,0
19116,none,0
19117,none,0
19118,none,0
19119,none,0
19120,none,0
19121,none,0
19122,none,0
19123,none,0
19124,none,0
19125,none,0
19126,none,0
19127,none,0
19128,none,0
19129,none,0
19130,none,0
19131,none,0
19132,none,0
19133,none,0
19134,none,0
19135,none,0
19136,none,0
19137,none,0
19138,none,0
19139,none,0
19140,none,0
19141,none,0
19142,none,0
19143,none,0
19144,none,0
19145,none,0
19146,none,0
19147,none,0
19148,none,0
19149,none,0
19150,none,0
19151,none,0
19152,none,0
19153,none,0
19154,none,0
19155,none,0
19156,none,0
19157,none,0
19158,none,0
19159,none,0
19160,none,0
19161,none,0
19162,none,0
19163,none,0
19164,none,0
19165,none,0
19166,none,0
19167,none,0
19168,none,0
19169,none,0
19170,none,0
19171,none,0
19172,none,0
19173,none,0
19174,none,0
19175,none,0
19176,none,0
19177,none,0
19178,none,0
19179,none,0
19180,none,0
19181,none,0
19182,none,0
19183,none,0
19184,silent_failure,1
19185,none,0
19186,none,0
19187,none,0
19188,none,0
19189,none,0
19190,none,0
19191,none,0
19192,none,0
19193,none,0
19194,none,0
19195,none,0
19196,none,0
19197,none,0
19198,none,0
19199,none,0
19200,none,0
19201,none,0
19202,none,0
19203,none,0
19204,silent_failure,1
19205,none,0
19206,none,0
19207,none,0
19208,none,0
19209,none,0
19210,none,0
19211,none,0
19212,none,0
19213,none,0
19214,none,0
19215,none,0
19216,none,0
19217,none,0
19218,none,0
19219,none,0
19220,none,0
19221,sensor_glitch,1
19222,none,0
19223,none,0
19224,none,0
19225,none,0
19226,none,0
19227,none,0
19228,none,0
19229,none,0
19230,none,0
19231,silent_failure,1
19232,none,0
19233,none,0
19234,none,0
19235,none,0
19236,none,0
19237,none,0
19238,none,0
19239,none,0
19240,none,0
19241,none,0
19242,none,0
19243,none,0
19244,none,0
19245,sensor_glitch,1
19246,none,0
19247,none,0
19248,none,0
19249,none,0
19250,none,0
19251,none,0
19252,none,0
19253,none,0
19254,none,0
19255,none,0
19256,none,0
19257,none,0
19258,none,0
19259,none,0
19260,none,0
19261,none,0
19262,none,0
19263,none,0
19264,none,0
19265,none,0
19266,none,0
19267,none,0
19268,none,0
19269,none,0
19270,none,0
19271,none,0
19272,none,0
19273,none,0
19274,none,0
19275,none,0
19276,none,0
19277,none,0
19278,none,0
19279,none,0
19280,none,0
19281,none,0
19282,none,0
19283,none,0
19284,none,0
19285,none,0
19286,none,0
19287,none,0
19288,none,0
19289,none,0
19290,none,0
19291,none,0
19292,none,0
19293,none,0
19294,none,0
19295,none,0
19296,none,0
19297,none,0
19298,none,0
19299,none,0
19300,none,0
19301,none,0
19302,sensor_glitch,1
19303,none,0
19304,none,0
19305,none,0
19306,none,0
19307,none,0
19308,none,0
19309,none,0
19310,none,0
19311,none,0
19312,none,0
19313,silent_failure,1
19314,none,0
19315,none,0
19316,none,0
19317,none,0
19318,none,0
19319,none,0
19320,none,0
19321,none,0
19322,none,0
19323,none,0
19324,none,0
19325,none,0
19326,none,0
19327,none,0
19328,none,0
19329,none,0
19330,none,0
19331,none,0
19332,none,0
19333,none,0
19334,none,0
19335,none,0
19336,none,0
19337,none,0
19338,none,0
19339,none,0
19340,none,0
19341,none,0
19342,none,0
19343,silent_failure,1
19344,none,0
19345,none,0
19346,none,0
19347,none,0
19348,none,0
19349,none,0
19350,none,0
19351,none,0
19352,none,0
19353,none,0
19354,none,0
19355,none,0
19356,none,0
19357,none,0
19358,none,0
19359,none,0
19360,none,0
19361,none,0
19362,none,0
19363,none,0
19364,none,0
19365,none,0
19366,none,0
19367,none,0
19368,none,0
19369,none,0
19370,none,0
19371,none,0
19372,none,0
19373,none,0
19374,none,0
19375,none,0
19376,none,0
19377,none,0
19378,sensor_glitch,1
19379,none,0
19380,none,0
19381,silent_failure,1
19382,none,0
19383,none,0
19384,sensor_glitch,1
19385,none,0
19386,none,0
19387,none,0
19388,none,0
19389,none,0
19390,none,0
19391,none,0
19392,none,0
19393,none,0
19394,none,0
19395,none,0
19396,none,0
19397,none,0
19398,none,0
19399,none,0
19400,none,0
19401,none,0
19402,none,0
19403,none,0
19404,none,0
19405,none,0
19406,none,0
19407,none,0
19408,none,0
19409,none,0
19410,none,0
19411,none,0
19412,none,0
19413,none,0
19414,none,0
19415,none,0
19416,none,0
19417,none,0
19418,none,0
19419,none,0
19420,none,0
19421,none,0
19422,none,0
19423,none,0
19424,none,0
19425,none,0
19426,none,0
19427,none,0
19428,none,0
19429,none,0
19430,none,0
19431,none,0
19432,none,0
19433,none,0
19434,none,0
19435,none,0
19436,none,0
19437,none,0
19438,none,0
19439,none,0
19440,none,0
19441,none,0
19442,none,0
19443,none,0
19444,none,0
19445,none,0
19446,none,0
19447,none,0
19448,none,0
19449,none,0
19450,none,0
19451,none,0
19452,none,0
19453,none,0
19454,none,0
19455,none,0
19456,none,0
19457,none,0
19458,silent_failure,1
19459,none,0
19460,none,0
19461,none,0
19462,none,0
19463,none,0
19464,silent_failure,1
19465,none,0
19466,none,0
19467,none,0
19468,none,0
19469,none,0
19470,none,0
19471,none,0
19472,none,0
19473,none,0
19474,none,0
19475,none,0
19476,none,0
19477,none,0
19478,none,0
19479,none,0
19480,none,0
19481,none,0
19482,none,0
19483,none,0
19484,none,0
19485,none,0
19486,none,0
19487,none,0
19488,none,0
19489,none,0
19490,none,0
19491,none,0
19492,none,0
19493,none,0
19494,none,0
19495,none,0
19496,none,0
19497,none,0
19498,none,0
19499,none,0
19500,none,0
19501,none,0
19502,none,0
19503,none,0
19504,none,0
19505,none,0
19506,none,0
19507,none,0
19508,none,0
19509,none,0
19510,none,0
19511,none,0
19512,none,0
19513,none,0
19514,none,0
19515,none,0
19516,none,0
19517,none,0
19518,none,0
19519,none,0
19520,none,0
19521,none,0
19522,none,0
19523,none,0
19524,none,0
19525,none,0
19526,none,0
19527,none,0
19528,none,0
19529,none,0
19530,none,0
19531,none,0
19532,none,0
19533,none,0
19534,none,0
19535,none,0
19536,none,0
19537,none,0
19538,none,0
19539,none,0
19540,none,0
19541,none,0
19542,none,0
19543,none,0
19544,none,0
19545,none,0
19546,none,0
19547,none,0
19548,none,0
19549,none,0
19550,none,0
19551,none,0
19552,none,0
19553,none,0
19554,none,0
19555,none,0
19556,none,0
19557,none,0
19558,none,0
19559,none,0
19560,none,0
19561,none,0
19562,none,0
19563,none,0
19564,none,0
19565,none,0
19566,none,0
19567,none,0
19568,none,0
19569,none,0
19570,none,0
19571,none,0
19572,none,0
19573,none,0
19574,none,0
19575,none,0
19576,none,0
19577,none,0
19578,none,0
19579,none,0
19580,none,0
19581,none,0
19582,none,0
19583,none,0
19584,none,0
19585,none,0
19586,none,0
19587,sensor_glitch,1
19588,none,0
19589,none,0
19590,none,0
19591,sensor_glitch,1
19592,none,0
19593,none,0
19594,none,0
19595,none,0
19596,none,0
19597,none,0
19598,none,0
19599,none,0
19600,none,0
19601,none,0
19602,none,0
19603,none,0
19604,none,0
19605,none,0
19606,none,0
19607,none,0
19608,none,0
19609,none,0
19610,none,0
19611,none,0
19612,none,0
19613,none,0
19614,none,0
19615,none,0
19616,none,0
19617,none,0
19618,none,0
19619,none,0
19620,none,0
19621,none,0
19622,none,0
19623,silent_failure,1
19624,none,0
19625,none,0
19626,none,0
19627,none,0
19628,none,0
19629,none,0
19630,none,0
19631,none,0
19632,none,0
19633,none,0
19634,none,0
19635,none,0
19636,none,0
19637,none,0
19638,none,0
19639,none,0
19640,none,0
19641,none,0
19642,none,0
19643,none,0
19644,none,0
19645,none,0
19646,none,0
19647,none,0
19648,none,0
19649,none,0
19650,none,0
19651,none,0
19652,none,0
19653,none,0
19654,none,0
19655,none,0
19656,none,0
19657,none,0
19658,none,0
19659,none,0
19660,none,0
19661,none,0
19662,none,0
19663,none,0
19664,none,0
19665,none,0
19666,none,0
19667,none,0
19668,none,0
19669,none,0
19670,none,0
19671,none,0
19672,none,0
19673,none,0
19674,none,0
19675,none,0
19676,none,0
19677,none,0
19678,none,0
19679,none,0
19680,none,0
19681,none,0
19682,none,0
19683,none,0
19684,silent_failure,1
19685,none,0
19686,none,0
19687,none,0
19688,none,0
19689,none,0
19690,none,0
19691,none,0
19692,none,0
19693,none,0
19694,none,0
19695,none,0
19696,none,0
19697,none,0
19698,none,0
19699,none,0
19700,none,0
19701,none,0
19702,silent_failure,1
19703,none,0
19704,none,0
19705,none,0
19706,none,0
19707,none,0
19708,none,0
19709,sensor_glitch,1
19710,none,0
19711,none,0
19712,none,0
19713,none,0
19714,none,0
19715,none,0
19716,none,0
19717,none,0
19718,none,0
19719,none,0
19720,none,0
19721,none,0
19722,none,0
19723,none,0
19724,none,0
19725,none,0
19726,none,0
19727,none,0
19728,none,0
19729,none,0
19730,none,0
19731,none,0
19732,none,0
19733,none,0
19734,none,0
19735,none,0
19736,none,0
19737,none,0
19738,none,0
19739,none,0
19740,none,0
19741,none,0
19742,none,0
19743,silent_failure,1
19744,none,0
19745,none,0
19746,none,0
19747,none,0
19748,none,0
19749,sensor_glitch,1
19750,none,0
19751,none,0
19752,none,0
19753,none,0
19754,none,0
19755,none,0
19756,none,0
19757,none,0
19758,none,0
19759,none,0
19760,none,0
19761,none,0
19762,none,0
19763,none,0
19764,none,0
19765,none,0
19766,none,0
19767,none,0
19768,none,0
19769,none,0
19770,none,0
19771,none,0
19772,none,0
19773,none,0
19774,none,0
19775,none,0
19776,none,0
19777,none,0
19778,none,0
19779,none,0
19780,none,0
19781,none,0
19782,none,0
19783,none,0
19784,none,0
19785,none,0
19786,none,0
19787,none,0
19788,none,0
19789,none,0
19790,none,0
19791,none,0
19792,none,0
19793,none,0
19794,none,0
19795,none,0
19796,none,0
19797,none,0
19798,none,0
19799,none,0
19800,none,0
19801,none,0
19802,silent_failure,1
19803,none,0
19804,none,0
19805,none,0
19806,none,0
19807,none,0
19808,silent_failure,1
19809,none,0
19810,none,0
19811,none,0
19812,none,0
19813,none,0
19814,none,0
19815,none,0
19816,none,0
19817,none,0
19818,none,0
19819,none,0
19820,none,0
19821,none,0
19822,none,0
19823,none,0
19824,none,0
19825,silent_failure,1
19826,none,0
19827,none,0
19828,silent_failure,1
19829,none,0
19830,none,0
19831,none,0
19832,none,0
19833,none,0
19834,none,0
19835,none,0
19836,none,0
19837,none,0
19838,none,0
19839,none,0
19840,none,0
19841,none,0
19842,none,0
19843,none,0
19844,none,0
19845,none,0
19846,none,0
19847,none,0
19848,none,0
19849,none,0
19850,none,0
19851,none,0
19852,none,0
19853,none,0
19854,none,0
19855,none,0
19856,none,0
19857,none,0
19858,none,0
19859,none,0
19860,none,0
19861,none,0
19862,sensor_glitch,1
19863,none,0
19864,none,0
19865,none,0
19866,silent_failure,1
19867,none,0
19868,none,0
19869,none,0
19870,none,0
19871,none,0
19872,none,0
19873,none,0
19874,none,0
19875,none,0
19876,none,0
19877,none,0
19878,none,0
19879,none,0
19880,none,0
19881,none,0
19882,none,0
19883,none,0
19884,none,0
19885,none,0
19886,none,0
19887,none,0
19888,none,0
19889,none,0
19890,none,0
19891,none,0
19892,none,0
19893,none,0
19894,none,0
19895,none,0
19896,none,0
19897,none,0
19898,none,0
19899,none,0
19900,none,0
19901,none,0
19902,none,0
19903,none,0
19904,sensor_glitch,1
19905,none,0
19906,none,0
19907,none,0
19908,none,0
19909,none,0
19910,none,0
19911,none,0
19912,none,0
19913,none,0
19914,none,0
19915,none,0
19916,none,0
19917,none,0
19918,none,0
19919,none,0
19920,none,0
19921,none,0
19922,none,0
19923,none,0
19924,none,0
19925,none,0
19926,none,0
19927,sensor_glitch,1
19928,none,0
19929,none,0
19930,none,0
19931,none,0
19932,none,0
19933,none,0
19934,none,0
19935,none,0
19936,none,0
19937,none,0
19938,none,0
19939,none,0
19940,none,0
19941,none,0
19942,none,0
19943,none,0
19944,none,0
19945,none,0
19946,none,0
19947,none,0
19948,none,0
19949,none,0
19950,none,0
19951,silent_failure,1
19952,none,0
19953,none,0
19954,none,0
19955,none,0
19956,none,0
19957,none,0
19958,none,0
19959,none,0
19960,none,0
19961,none,0
19962,none,0
19963,none,0
19964,none,0
19965,none,0
19966,none,0
19967,none,0
19968,none,0
19969,none,0
19970,none,0
19971,none,0
19972,sensor_glitch,1
19973,silent_failure,1
19974,silent_failure,1
19975,none,0
19976,none,0
19977,none,0
19978,silent_failure,1
19979,none,0
19980,none,0
19981,none,0
19982,none,0
19983,none,0
19984,none,0
19985,none,0
19986,none,0
19987,none,0
19988,none,0
19989,none,0
19990,sensor_glitch,1
19991,none,0
19992,none,0
19993,none,0
19994,none,0
19995,none,0
19996,none,0
19997,none,0
19998,none,0
19999,none,0
